area,area_title,year,post,event_time,total_emp,wage_emp,wage_bill,n_occ_cells,n_wage_cells,bartik_exposure,base_total_emp,n_base_occs,avg_wage,log_emp,log_wage,log_wbill,z_bartik_post,balanced
10180,"Abilene, TX",2019,0,-3,55660.0,55440.0,2205942100.0,218,214,0.3012621051828696,233410.0,301,39789.72041847042,10.927017035079881,10.591363876969307,21.51442051083309,0.0,1
10180,"Abilene, TX",2020,0,-2,55710.0,55450.0,2277681800.0,222,217,0.3012621051828696,233410.0,301,41076.31740306583,10.92791494301486,10.623187015502905,21.546424008281416,0.0,1
10180,"Abilene, TX",2021,0,-1,60190.0,60030.0,2594610900.0,255,253,0.3012621051828696,233410.0,301,43221.904047976015,11.005261504541817,10.674102683879388,21.676702400125276,0.0,1
10180,"Abilene, TX",2022,0,0,61850.0,61810.0,2821278900.0,259,258,0.3012621051828696,233410.0,301,45644.376314512214,11.032467377820634,10.728635687076544,21.760456129729864,0.0,1
10180,"Abilene, TX",2023,1,1,65080.0,65080.0,3180692400.0,271,271,0.3012621051828696,233410.0,301,48873.57713583282,11.083372561332974,10.79699218455357,21.880364745886542,0.3012621051828696,1
10180,"Abilene, TX",2024,1,2,66330.0,66330.0,3421204900.0,276,276,0.3012621051828696,233410.0,301,51578.545153022766,11.102397562519602,10.850861073396269,21.95325863591587,0.3012621051828696,1
10420,"Akron, OH",2019,0,-3,293370.0,290660.0,14094919200.0,405,387,0.3075354814717073,1159060.0,513,48492.80671575036,12.589189889974431,10.78917075078663,23.36908022896679,0.0,1
10420,"Akron, OH",2020,0,-2,281340.0,279290.0,14014036300.0,402,382,0.3075354814717073,1159060.0,513,50177.3651043718,12.547319181311687,10.82331930966118,23.363325257158273,0.0,1
10420,"Akron, OH",2021,0,-1,290910.0,290500.0,15460945800.0,442,439,0.3075354814717073,1159060.0,513,53221.844406196215,12.580769219966701,10.8822242001919,23.461583055466,0.0,1
10420,"Akron, OH",2022,0,0,293440.0,293330.0,16335684500.0,444,442,0.3075354814717073,1159060.0,513,55690.46636893601,12.589428468050237,10.92756425092351,23.516617785008858,0.0,1
10420,"Akron, OH",2023,1,1,301230.0,300670.0,17568691100.0,443,437,0.3075354814717073,1159060.0,513,58431.80596667443,12.615629371541592,10.97561564328022,23.58938424006992,0.3075354814717073,1
10420,"Akron, OH",2024,1,2,301990.0,301660.0,18523608300.0,450,448,0.3075354814717073,1159060.0,513,61405.58343830803,12.618149183225992,11.025256045478184,23.642311879800427,0.3075354814717073,1
10500,"Albany, GA",2019,0,-3,45290.0,43710.0,1697973600.0,173,170,0.31045039333627894,190250.0,257,38846.34179821551,10.72084153655026,10.56736918915416,21.25270137701152,0.0,1
10500,"Albany, GA",2020,0,-2,46040.0,43480.0,1801815900.0,179,174,0.31045039333627894,190250.0,257,41440.10809567617,10.73726586283582,10.632004485416356,21.312060826651503,0.0,1
10500,"Albany, GA",2021,0,-1,49190.0,48390.0,2122479700.0,221,218,0.31045039333627894,190250.0,257,43861.948749741685,10.803445629789385,10.688802452123507,21.47585091191087,0.0,1
10500,"Albany, GA",2022,0,0,49730.0,49030.0,2267544900.0,221,217,0.31045039333627894,190250.0,257,46248.111360391595,10.814363651708785,10.74177590665579,21.54196354130107,0.0,1
10500,"Albany, GA",2023,1,1,51310.0,50820.0,2552956600.0,229,227,0.31045039333627894,190250.0,257,50235.273514364424,10.84564094393601,10.824472718578804,21.660517975452958,0.31045039333627894,1
10500,"Albany, GA",2024,1,2,50060.0,49920.0,2565548300.0,225,223,0.31045039333627894,190250.0,257,51393.195112179485,10.820977564985766,10.84726105186519,21.6654380549085,0.31045039333627894,1
10540,"Albany, OR",2019,0,-3,34960.0,34850.0,1602121300.0,201,199,0.2521906359037188,143050.0,266,45971.916786226684,10.461959829769471,10.73578598439014,21.19459440057881,0.0,1
10540,"Albany, OR",2020,0,-2,33230.0,33080.0,1565898900.0,186,183,0.2521906359037188,143050.0,266,47336.72611850061,10.41120836134864,10.765041723906375,21.171725873044004,0.0,1
10540,"Albany, OR",2021,0,-1,36490.0,36460.0,1775289300.0,213,212,0.2521906359037188,143050.0,266,48691.42347778387,10.504793529430493,10.793258184275867,21.29722923250852,0.0,1
10540,"Albany, OR",2022,0,0,38370.0,38220.0,2002055700.0,220,217,0.2521906359037188,143050.0,266,52382.40973312402,10.555031183240999,10.866326121835968,21.417440339630232,0.0,1
10540,"Albany, OR",2023,1,1,38830.0,38730.0,2192248900.0,229,228,0.2521906359037188,143050.0,266,56603.37980893364,10.566948422725712,10.943823976347225,21.508193748856023,0.2521906359037188,1
10540,"Albany, OR",2024,1,2,36810.0,36770.0,2153673200.0,227,226,0.2521906359037188,143050.0,266,58571.47674734838,10.513524826373066,10.978003112140543,21.49044068643586,0.2521906359037188,1
10580,"Albany-Schenectady-Troy, NY",2019,0,-3,413070.0,411350.0,22732768800.0,452,445,0.33610181712243414,1599760.0,592,55263.811352862525,12.931372349106528,10.919873567377726,23.847073279974804,0.0,1
10580,"Albany-Schenectady-Troy, NY",2020,0,-2,380980.0,379730.0,22131486900.0,455,450,0.33610181712243414,1599760.0,592,58282.16601269323,12.85050215929269,10.973051425244687,23.82026717808801,0.0,1
10580,"Albany-Schenectady-Troy, NY",2021,0,-1,398610.0,396650.0,24372383200.0,538,528,0.33610181712243414,1599760.0,592,61445.56460355477,12.895738774253463,11.02590693343968,23.91671649216983,0.0,1
10580,"Albany-Schenectady-Troy, NY",2022,0,0,407100.0,406630.0,26214875900.0,541,535,0.33610181712243414,1599760.0,592,64468.622334800675,12.91681413449107,11.073933908986856,23.989592869028748,0.0,1
10580,"Albany-Schenectady-Troy, NY",2023,1,1,416880.0,414960.0,27716484200.0,543,533,0.33610181712243414,1599760.0,592,66793.14680933102,12.940553689583096,11.109355761587063,24.045293170612347,0.33610181712243414,1
10580,"Albany-Schenectady-Troy, NY",2024,1,2,421870.0,420280.0,29407995400.0,550,540,0.33610181712243414,1599760.0,592,69972.38840772818,12.952452488686845,11.155855991896942,24.104532426699652,0.33610181712243414,1
10740,"Albuquerque, NM",2019,0,-3,354580.0,354360.0,16425391500.0,416,413,0.3188047346390139,1389810.0,526,46352.2731120894,12.778689269452371,10.744025612123492,23.52209423664946,0.0,1
10740,"Albuquerque, NM",2020,0,-2,335070.0,334810.0,16530432500.0,412,410,0.3188047346390139,1389810.0,526,49372.57698396105,12.722094744202982,10.807150427256706,23.528468912986362,0.0,1
10740,"Albuquerque, NM",2021,0,-1,342170.0,340210.0,17577377200.0,459,454,0.3188047346390139,1389810.0,526,51666.25672378825,12.743062968566772,10.852560172823505,23.589878525809233,0.0,1
10740,"Albuquerque, NM",2022,0,0,357990.0,353890.0,19205568200.0,467,455,0.3188047346390139,1389810.0,526,54269.88103648026,12.788260332031811,10.901724674987245,23.67846608435192,0.0,1
10740,"Albuquerque, NM",2023,1,1,372030.0,370540.0,21686472300.0,476,465,0.3188047346390139,1389810.0,526,58526.66999514223,12.826729775164928,10.977237826683183,23.799954506787188,0.3188047346390139,1
10740,"Albuquerque, NM",2024,1,2,374130.0,370670.0,22526622100.0,459,451,0.3188047346390139,1389810.0,526,60772.71454393396,12.832358609582903,11.014896193276638,23.837963651166515,0.3188047346390139,1
10780,"Alexandria, LA",2019,0,-3,46620.0,46530.0,1799516500.0,189,187,0.2923897318559496,189330.0,263,38674.32839028584,10.749784912589748,10.5629313098163,21.310783854654993,0.0,1
10780,"Alexandria, LA",2020,0,-2,43390.0,43300.0,1723226000.0,173,171,0.2923897318559496,189330.0,263,39797.36720554272,10.677984278792396,10.591556038469976,21.267463952460556,0.0,1
10780,"Alexandria, LA",2021,0,-1,49250.0,49020.0,2092775200.0,219,218,0.2923897318559496,189330.0,263,42692.272541819664,10.804664646600235,10.66177321192193,21.461756869004034,0.0,1
10780,"Alexandria, LA",2022,0,0,50070.0,50070.0,2206492100.0,211,211,0.2923897318559496,189330.0,263,44068.14659476733,10.82117730532399,10.693492501012635,21.514669806336627,0.0,1
10780,"Alexandria, LA",2023,1,1,48780.0,48740.0,2263146200.0,209,208,0.2923897318559496,189330.0,263,46433.036520311856,10.795075671769911,10.745766478839125,21.54002180601832,0.2923897318559496,1
10780,"Alexandria, LA",2024,1,2,49120.0,49080.0,2385639400.0,208,207,0.2923897318559496,189330.0,263,48607.15973920131,10.802021562821023,10.791526118774751,21.5927330175996,0.2923897318559496,1
10900,"Allentown-Bethlehem-Easton, PA-NJ",2019,0,-3,335360.0,333730.0,15804696000.0,436,426,0.2855247334327906,1307450.0,538,47357.73229856471,12.72295986067476,10.765485386202137,23.48357294800952,0.0,1
10900,"Allentown-Bethlehem-Easton, PA-NJ",2020,0,-2,310210.0,309180.0,15515571800.0,420,412,0.2855247334327906,1307450.0,538,50182.97367229446,12.645004766471246,10.823431078274098,23.465109988824423,0.0,1
10900,"Allentown-Bethlehem-Easton, PA-NJ",2021,0,-1,325510.0,325370.0,17280032800.0,474,472,0.2855247334327906,1307450.0,538,53108.86928727295,12.693148462125057,10.880099223174238,23.572817498468666,0.0,1
10900,"Allentown-Bethlehem-Easton, PA-NJ",2022,0,0,336370.0,336230.0,18712780800.0,475,472,0.2855247334327906,1307450.0,538,55654.703030663535,12.725967023556041,10.92692186401629,23.652472592591593,0.0,1
10900,"Allentown-Bethlehem-Easton, PA-NJ",2023,1,1,343590.0,343250.0,20214218000.0,485,479,0.2855247334327906,1307450.0,538,58890.65695557174,12.747204365059872,10.98343773151524,23.729652055145458,0.2855247334327906,1
10900,"Allentown-Bethlehem-Easton, PA-NJ",2024,1,2,350350.0,349460.0,21462762100.0,492,484,0.2855247334327906,1307450.0,538,61416.93498540606,12.76668793379868,11.02544089020008,23.78958527509311,0.2855247334327906,1
11020,"Altoona, PA",2019,0,-3,49300.0,49070.0,1967890800.0,201,198,0.2839488913695172,195890.0,268,40103.745669451804,10.805679360030782,10.599225017148141,21.400228146232088,0.0,1
11020,"Altoona, PA",2020,0,-2,46700.0,46450.0,1965737700.0,207,203,0.2839488913695172,195890.0,268,42319.43379978472,10.75149944365699,10.65300168742058,21.399133431662566,0.0,1
11020,"Altoona, PA",2021,0,-1,49710.0,49710.0,2187450700.0,224,224,0.2839488913695172,195890.0,268,44004.23858378596,10.813961399088718,10.692041239710504,21.50600263879922,0.0,1
11020,"Altoona, PA",2022,0,0,50180.0,50180.0,2332453900.0,228,228,0.2839488913695172,195890.0,268,46481.74372259864,10.823371819920414,10.746814906368545,21.57018672628896,0.0,1
11020,"Altoona, PA",2023,1,1,51090.0,51060.0,2521135900.0,235,234,0.2839488913695172,195890.0,268,49375.94790442617,10.841344062324843,10.80721870008347,21.647975390878944,0.2839488913695172,1
11020,"Altoona, PA",2024,1,2,50970.0,50750.0,2649168800.0,235,232,0.2839488913695172,195890.0,268,52200.370443349755,10.838992503334087,10.862844870461444,21.69751176736548,0.2839488913695172,1
11100,"Amarillo, TX",2019,0,-3,95430.0,94800.0,4064605700.0,278,271,0.2955986334596469,388410.0,382,42875.58755274262,11.4661482734113,10.6660578882284,22.125582576471512,0.0,1
11100,"Amarillo, TX",2020,0,-2,91050.0,90700.0,4044179300.0,246,244,0.2955986334596469,388410.0,382,44588.52590959206,11.419164085155755,10.705231838308352,22.12054447441158,0.0,1
11100,"Amarillo, TX",2021,0,-1,100320.0,100000.0,4612647800.0,323,321,0.2955986334596469,388410.0,382,46126.478,11.516120355866748,10.739142424189884,22.252067889160113,0.0,1
11100,"Amarillo, TX",2022,0,0,101610.0,101580.0,4875199800.0,321,320,0.2955986334596469,388410.0,382,47993.69757826344,11.528897234479928,10.778824980816523,22.30742692517176,0.0,1
11100,"Amarillo, TX",2023,1,1,105980.0,105930.0,5560143700.0,319,318,0.2955986334596469,388410.0,382,52488.848296044554,11.571005676046752,10.868356012608118,22.438889790198658,0.2955986334596469,1
11100,"Amarillo, TX",2024,1,2,107940.0,107850.0,5753353900.0,323,322,0.2955986334596469,388410.0,382,53345.88687992582,11.589330796172634,10.884552156849173,22.473048808666476,0.2955986334596469,1
11180,"Ames, IA",2019,0,-3,31830.0,31620.0,1458151600.0,174,171,0.3114349494216232,135640.0,258,46114.8513598988,10.368164520276139,10.738890332416197,21.10043544317966,0.0,1
11180,"Ames, IA",2020,0,-2,30750.0,30550.0,1435133900.0,170,167,0.3114349494216232,135640.0,258,46976.55973813421,10.333645273234664,10.757404027309667,21.084523991909407,0.0,1
11180,"Ames, IA",2021,0,-1,35700.0,35530.0,1817731000.0,217,215,0.3114349494216232,135640.0,258,51160.455952716016,10.48290596776773,10.842722167942275,21.320854856957347,0.0,1
11180,"Ames, IA",2022,0,0,37360.0,37240.0,1985449600.0,224,222,0.3114349494216232,135640.0,258,53314.9731471536,10.528355892342779,10.883972492788148,21.409111224179153,0.0,1
11180,"Ames, IA",2023,1,1,38560.0,38350.0,2134320100.0,231,227,0.3114349494216232,135640.0,258,55653.71838331161,10.559970748724481,10.926904171781695,21.4814139785771,0.3114349494216232,1
11180,"Ames, IA",2024,1,2,47210.0,47100.0,2749978200.0,253,251,0.3114349494216232,135640.0,258,58385.949044585985,10.762361013540332,10.974830541316233,21.734858821320742,0.3114349494216232,1
11260,"Anchorage, AK",2019,0,-3,152520.0,151720.0,8936720500.0,348,341,0.30895584476757604,596740.0,463,58902.71882414975,11.935051013971501,10.98364252857688,22.913434524379717,0.0,1
11260,"Anchorage, AK",2020,0,-2,142640.0,141650.0,8706054000.0,337,327,0.30895584476757604,596740.0,463,61461.729615248856,11.868079252537022,11.026169977417501,22.887284482676165,0.0,1
11260,"Anchorage, AK",2021,0,-1,147370.0,146700.0,9231366900.0,373,364,0.30895584476757604,596740.0,463,62926.83640081799,11.900701710207308,11.049728003539819,22.94587296767089,0.0,1
11260,"Anchorage, AK",2022,0,0,154210.0,151780.0,9891205700.0,409,397,0.30895584476757604,596740.0,463,65168.04387929899,11.946070588851702,11.084724503213817,23.01491188617172,0.0,1
11260,"Anchorage, AK",2023,1,1,155870.0,153790.0,10472944500.0,410,402,0.30895584476757604,596740.0,463,68098.9953833149,11.956777605483097,11.128717739948247,23.072061054382214,0.30895584476757604,1
11260,"Anchorage, AK",2024,1,2,161960.0,160780.0,11767905200.0,399,391,0.30895584476757604,596740.0,463,73192.59360616992,11.995104670146098,11.200849514586757,23.18864176446871,0.30895584476757604,1
11460,"Ann Arbor, MI",2019,0,-3,190940.0,189490.0,10362218900.0,345,339,0.3416288250886747,755030.0,471,54684.77967175049,12.159714521552024,10.909340698717605,23.061432230381264,0.0,1
11460,"Ann Arbor, MI",2020,0,-2,179740.0,166970.0,9777118900.0,336,328,0.3416288250886747,755030.0,471,58556.14122297418,12.099266641212365,10.977741252047636,23.003310686590638,0.0,1
11460,"Ann Arbor, MI",2021,0,-1,187780.0,186970.0,11405618600.0,418,414,0.3416288250886747,755030.0,471,61002.399315398194,12.143026343812538,11.01866847542124,23.15737193058056,0.0,1
11460,"Ann Arbor, MI",2022,0,0,196570.0,195950.0,12871774100.0,418,411,0.3416288250886747,755030.0,471,65689.07425363614,12.188773880951844,11.092687893134395,23.27830269676217,0.0,1
11460,"Ann Arbor, MI",2023,1,1,199070.0,198690.0,13397047300.0,417,414,0.3416288250886747,755030.0,471,67426.88258090493,12.201411800647978,11.11879906872908,23.318300168876217,0.3416288250886747,1
11460,"Ann Arbor, MI",2024,1,2,204690.0,204270.0,14589232200.0,430,426,0.3416288250886747,755030.0,471,71421.3159054193,12.22925191847758,11.17635164586556,23.403549573010682,0.3416288250886747,1
11540,"Appleton, WI",2019,0,-3,106220.0,105530.0,4946896100.0,290,286,0.28985097140825805,423130.0,389,46876.680564768314,11.57326769397639,10.755275614678434,22.32202616634357,0.0,1
11540,"Appleton, WI",2020,0,-2,100470.0,100110.0,4875168300.0,272,266,0.28985097140825805,423130.0,389,48698.11507341924,11.51761445445636,10.793395603463708,22.307420463877236,0.0,1
11540,"Appleton, WI",2021,0,-1,107180.0,107130.0,5514450000.0,336,335,0.28985097140825805,423130.0,389,51474.37692523103,11.582264943048841,10.848839427407599,22.4306377566642,0.0,1
11540,"Appleton, WI",2022,0,0,109260.0,109220.0,5940532700.0,335,334,0.28985097140825805,423130.0,389,54390.52096685589,11.601485641949708,10.903945170728477,22.505064646434622,0.0,1
11540,"Appleton, WI",2023,1,1,112130.0,112100.0,6377085400.0,326,325,0.28985097140825805,423130.0,389,56887.47011596789,11.627414191454926,10.948830387006682,22.575976996066935,0.28985097140825805,1
11540,"Appleton, WI",2024,1,2,112950.0,112640.0,6611480100.0,332,330,0.28985097140825805,423130.0,389,58695.668501420456,11.63470052189615,10.980121212657773,22.61207338404964,0.28985097140825805,1
11640,"Arecibo, PR",2019,0,-3,21250.0,21100.0,512021900.0,106,104,0.3022743591375569,90630.0,156,24266.44075829384,9.964112174352563,10.096849636062366,20.053877955526524,0.0,1
11640,"Arecibo, PR",2020,0,-2,19660.0,19480.0,486993200.0,101,98,0.3022743591375569,90630.0,156,24999.65092402464,9.886341393701157,10.12661714071384,20.003760717910364,0.0,1
11640,"Arecibo, PR",2021,0,-1,23860.0,23820.0,600432100.0,129,128,0.3022743591375569,90630.0,156,25207.057094878255,10.079958695651907,10.134879277742218,20.21316012065151,0.0,1
11640,"Arecibo, PR",2022,0,0,25860.0,25750.0,697618200.0,132,130,0.3022743591375569,90630.0,156,27091.968932038835,10.160452652325848,10.206992613576379,20.36318251966826,0.0,1
11640,"Arecibo, PR",2023,1,1,27410.0,27370.0,783302600.0,139,138,0.3022743591375569,90630.0,156,28619.020825721593,10.218663189296832,10.261826839587416,20.47902964162214,0.3022743591375569,1
11640,"Arecibo, PR",2024,1,2,28810.0,28770.0,885613000.0,149,148,0.3022743591375569,90630.0,156,30782.516510253736,10.268477828078574,10.334702162018827,20.601790618564422,0.3022743591375569,1
11700,"Asheville, NC",2019,0,-3,177270.0,176920.0,7598555800.0,355,351,0.2883132457225861,693430.0,462,42949.10581053584,12.08542927300783,10.667771107883356,22.75122403986562,0.0,1
11700,"Asheville, NC",2020,0,-2,158510.0,158240.0,6946965000.0,351,347,0.2883132457225861,693430.0,462,43901.447168857434,11.973572961791938,10.689702563641962,22.661570710498502,0.0,1
11700,"Asheville, NC",2021,0,-1,175010.0,174860.0,8257590600.0,407,405,0.2883132457225861,693430.0,462,47224.011208967175,12.072598394130203,10.762657754277924,22.834398687012808,0.0,1
11700,"Asheville, NC",2022,0,0,182640.0,181270.0,8963893900.0,400,394,0.2883132457225861,693430.0,462,49450.50973685662,12.115272281203676,10.808727645124254,22.916470556581217,0.0,1
11700,"Asheville, NC",2023,1,1,187980.0,187210.0,9923584200.0,404,401,0.2883132457225861,693430.0,462,53007.76774744939,12.144090853174292,10.878193743067834,23.01818000347015,0.2883132457225861,1
11700,"Asheville, NC",2024,1,2,172810.0,172660.0,9734724300.0,397,395,0.2883132457225861,693430.0,462,56380.889030464496,12.059948004048037,10.939885533086962,22.998965154876476,0.2883132457225861,1
12020,"Athens-Clarke County, GA",2019,0,-3,68890.0,68480.0,2862540200.0,232,227,0.30640305278006635,275640.0,331,41801.11273364486,11.140266308587242,10.640678238580657,21.77497524939628,0.0,1
12020,"Athens-Clarke County, GA",2020,0,-2,63390.0,62950.0,2702719800.0,225,221,0.30640305278006635,275640.0,331,42934.389197776014,11.057061399278211,10.667428396797776,21.71752443627027,0.0,1
12020,"Athens-Clarke County, GA",2021,0,-1,69920.0,69150.0,3175292900.0,274,270,0.30640305278006635,275640.0,331,45918.91395516992,11.155107010329417,10.734632379911714,21.87866571700462,0.0,1
12020,"Athens-Clarke County, GA",2022,0,0,73440.0,73060.0,3630068700.0,284,281,0.30640305278006635,275640.0,331,49686.130577607444,11.204224025294373,10.813481110314644,22.012517410663918,0.0,1
12020,"Athens-Clarke County, GA",2023,1,1,74500.0,74040.0,3691975200.0,276,273,0.30640305278006635,275640.0,331,49864.602917341974,11.218554404367652,10.817066669650586,22.029427436338022,0.30640305278006635,1
12020,"Athens-Clarke County, GA",2024,1,2,78630.0,78220.0,4109336500.0,284,280,0.30640305278006635,275640.0,331,52535.62388136027,11.272508584985562,10.869246768589818,22.136527416899323,0.30640305278006635,1
12060,"Atlanta-Sandy Springs-Roswell, GA",2019,0,-3,2474130.0,2465630.0,129286079900.0,563,553,0.3310670662552798,9801570.0,682,52435.31263814928,14.72139937703748,10.86733554864511,25.585293459542825,0.0,1
12060,"Atlanta-Sandy Springs-Roswell, GA",2020,0,-2,2345010.0,2338070.0,128045220600.0,561,556,0.3310670662552798,9801570.0,682,54765.34945489228,14.667800224245749,10.91081296372703,25.575649324412744,0.0,1
12060,"Atlanta-Sandy Springs-Roswell, GA",2021,0,-1,2409560.0,2407460.0,140501376300.0,616,609,0.3310670662552798,9801570.0,682,58360.83519560034,14.694954716184322,10.974400313630966,25.66848312140177,0.0,1
12060,"Atlanta-Sandy Springs-Roswell, GA",2022,0,0,2572870.0,2556580.0,160817201800.0,636,621,0.3310670662552798,9801570.0,682,62903.254269375495,14.760532565308104,11.049353178542189,25.803534164337872,0.0,1
12060,"Atlanta-Sandy Springs-Roswell, GA",2023,1,1,2661990.0,2652190.0,177212728800.0,638,625,0.3310670662552798,9801570.0,682,66817.50885117582,14.794584521356134,11.109720433730828,25.900616705494638,0.3310670662552798,1
12060,"Atlanta-Sandy Springs-Roswell, GA",2024,1,2,2698790.0,2665010.0,182240864500.0,625,615,0.3310670662552798,9801570.0,682,68382.8070063527,14.808314082378017,11.132876712458287,25.928595080378546,0.3310670662552798,1
12100,"Atlantic City-Hammonton, NJ",2019,0,-3,115550.0,114800.0,5306012200.0,273,260,0.2832851430019598,429470.0,372,46219.61846689895,11.657458615702527,10.741159629075542,22.392106391943145,0.0,1
12100,"Atlantic City-Hammonton, NJ",2020,0,-2,94880.0,91740.0,4610917000.0,261,243,0.2832851430019598,429470.0,372,50260.70416394158,11.460368214231552,10.824978821424061,22.251692589575224,0.0,1
12100,"Atlantic City-Hammonton, NJ",2021,0,-1,105650.0,105310.0,5551086800.0,312,306,0.2832851430019598,429470.0,372,52711.867818820625,11.567887023044202,10.872595904979732,22.437259565354374,0.0,1
12100,"Atlantic City-Hammonton, NJ",2022,0,0,113390.0,113310.0,6341315400.0,312,311,0.2832851430019598,429470.0,372,55964.30500397141,11.638588482965886,10.932469355841388,22.570352060216,0.0,1
12100,"Atlantic City-Hammonton, NJ",2023,1,1,115950.0,115730.0,6841436600.0,329,327,0.2832851430019598,429470.0,372,59115.498142227596,11.660914342683677,10.98724840492546,22.646263575767584,0.2832851430019598,1
12100,"Atlantic City-Hammonton, NJ",2024,1,2,155960.0,155530.0,9391969800.0,363,360,0.2832851430019598,429470.0,372,60386.86941426092,11.957354843096534,11.008526966485821,22.963120884524425,0.2832851430019598,1
12220,"Auburn-Opelika, AL",2019,0,-3,44550.0,44420.0,1691813600.0,169,167,0.28540680961796855,190520.0,267,38086.753714542996,10.704367432898955,10.547621829128728,21.249066926577147,0.0,1
12220,"Auburn-Opelika, AL",2020,0,-2,43130.0,43040.0,1716652200.0,173,172,0.28540680961796855,190520.0,267,39885.04182156134,10.671974089641889,10.593756640898306,21.26364183573397,0.0,1
12220,"Auburn-Opelika, AL",2021,0,-1,50710.0,50650.0,2221577800.0,233,232,0.28540680961796855,190520.0,267,43861.358341559724,10.833878408789065,10.688788991432123,21.521483501108953,0.0,1
12220,"Auburn-Opelika, AL",2022,0,0,52130.0,52090.0,2420843200.0,229,228,0.28540680961796855,190520.0,267,46474.24073718564,10.861495877762152,10.746653475440285,21.607381746179524,0.0,1
12220,"Auburn-Opelika, AL",2023,1,1,54170.0,53930.0,2644928200.0,230,228,0.28540680961796855,190520.0,267,49043.72705358799,10.899882528651945,10.800467567999299,21.695909756330572,0.28540680961796855,1
12220,"Auburn-Opelika, AL",2024,1,2,59500.0,58690.0,2892893100.0,247,242,0.28540680961796855,190520.0,267,49291.073436701314,10.993731591533722,10.805498277443649,21.78552291099603,0.28540680961796855,1
12260,"Augusta-Richmond County, GA-SC",2019,0,-3,193970.0,192200.0,8531459700.0,359,353,0.29626106630329857,788150.0,474,44388.447970863686,12.175458786912337,10.700734533731007,22.867026309249336,0.0,1
12260,"Augusta-Richmond County, GA-SC",2020,0,-2,187750.0,186140.0,8658135600.0,349,342,0.29626106630329857,788150.0,474,46514.10551198023,12.142866569626381,10.747510889919516,22.881765247659217,0.0,1
12260,"Augusta-Richmond County, GA-SC",2021,0,-1,201550.0,199620.0,9631088900.0,411,407,0.29626106630329857,788150.0,474,48247.1140166316,12.213792768545312,10.78409129185145,22.98826213009203,0.0,1
12260,"Augusta-Richmond County, GA-SC",2022,0,0,204880.0,204550.0,10571583300.0,416,411,0.29626106630329857,788150.0,474,51682.14764116353,12.230179720873407,10.852867694117098,23.08143541747464,0.0,1
12260,"Augusta-Richmond County, GA-SC",2023,1,1,208040.0,207630.0,11297424600.0,422,417,0.29626106630329857,788150.0,474,54411.3307325531,12.245485647887008,10.904327696680488,23.147840625184507,0.29626106630329857,1
12260,"Augusta-Richmond County, GA-SC",2024,1,2,208960.0,207790.0,11949260700.0,412,409,0.29626106630329857,788150.0,474,57506.428124548824,12.249898125070203,10.959652014007432,23.203935247301356,0.29626106630329857,1
12580,"Baltimore-Columbia-Towson, MD",2019,0,-3,1247260.0,1245160.0,71970959800.0,538,532,0.33330160627400457,4809140.0,665,57800.57165344213,14.036459703329948,10.964753944809521,24.999528538489468,0.0,1
12580,"Baltimore-Columbia-Towson, MD",2020,0,-2,1148360.0,1145380.0,69338663500.0,540,533,0.33330160627400457,4809140.0,665,60537.693603869455,13.953845395553117,11.011021484788047,24.96226850242855,0.0,1
12580,"Baltimore-Columbia-Towson, MD",2021,0,-1,1190400.0,1188170.0,76196901500.0,611,604,0.33330160627400457,4809140.0,665,64129.62917764293,13.989799943060964,11.068661769772268,25.056586636082603,0.0,1
12580,"Baltimore-Columbia-Towson, MD",2022,0,0,1223120.0,1218780.0,82530303900.0,603,588,0.33330160627400457,4809140.0,665,67715.50558755477,14.016915529234495,11.123070466465714,25.13643138284157,0.0,1
12580,"Baltimore-Columbia-Towson, MD",2023,1,1,1235430.0,1229540.0,87954502100.0,610,597,0.33330160627400457,4809140.0,665,71534.47801616865,14.026929645581925,11.177934822472556,25.20008549613196,0.33330160627400457,1
12580,"Baltimore-Columbia-Towson, MD",2024,1,2,1258020.0,1256180.0,93646465400.0,585,577,0.33330160627400457,4809140.0,665,74548.60402171663,14.04504961436734,11.219206594621406,25.2627925224654,0.33330160627400457,1
12940,"Baton Rouge, LA",2019,0,-3,339180.0,337630.0,15285424700.0,414,404,0.2900669189601139,1342820.0,546,45272.708882504514,12.734286218897392,10.720459676998598,23.450165577313737,0.0,1
12940,"Baton Rouge, LA",2020,0,-2,316500.0,315220.0,15234037900.0,402,395,0.2900669189601139,1342820.0,546,48328.27200050758,12.665078520566368,10.785772010020493,23.446798096750022,0.0,1
12940,"Baton Rouge, LA",2021,0,-1,334030.0,331870.0,17127612900.0,445,439,0.2900669189601139,1342820.0,546,51609.40398348751,12.718986088284511,10.851459182606558,23.563957787558035,0.0,1
12940,"Baton Rouge, LA",2022,0,0,353110.0,351890.0,19121909000.0,445,437,0.2900669189601139,1342820.0,546,54340.58654693228,12.774534902104525,10.903026676939977,23.67410058268191,0.0,1
12940,"Baton Rouge, LA",2023,1,1,356560.0,354840.0,20259391900.0,449,441,0.2900669189601139,1342820.0,546,57094.44228384624,12.784257807620438,10.95246205787447,23.731884320508993,0.2900669189601139,1
12940,"Baton Rouge, LA",2024,1,2,370650.0,369190.0,21976762400.0,440,435,0.2900669189601139,1342820.0,546,59526.97093637422,12.823013500084866,10.99418478187577,23.813251477529317,0.2900669189601139,1
12980,"Battle Creek, MI",2019,0,-3,40810.0,40480.0,1916793700.0,188,183,0.3000611529668783,155930.0,243,47351.623023715416,10.616682428399852,10.765356375190777,21.373919679152124,0.0,1
12980,"Battle Creek, MI",2020,0,-2,35380.0,34750.0,1701363700.0,169,161,0.3000611529668783,155930.0,243,48960.106474820146,10.473901967713775,10.798761091914647,21.254695942907585,0.0,1
12980,"Battle Creek, MI",2021,0,-1,40030.0,39970.0,2100380000.0,205,204,0.3000611529668783,155930.0,243,52548.911683762824,10.597384451986619,10.869499665981465,21.465384117686835,0.0,1
12980,"Battle Creek, MI",2022,0,0,39710.0,39600.0,2182398600.0,199,197,0.3000611529668783,155930.0,243,55111.07575757576,10.589358324125298,10.917105986875038,21.50369038411761,0.0,1
12980,"Battle Creek, MI",2023,1,1,42880.0,42740.0,2431771000.0,211,209,0.3000611529668783,155930.0,243,56896.841366401495,10.666160795744684,10.94899510655954,21.611885635432678,0.3000611529668783,1
12980,"Battle Creek, MI",2024,1,2,43590.0,43590.0,2640151500.0,221,221,0.3000611529668783,155930.0,243,60567.82518926359,10.682583045232438,11.0115190935893,21.694102138821737,0.3000611529668783,1
13020,"Bay City, MI",2019,0,-3,25350.0,23980.0,931604100.0,132,126,0.2879856966858649,99720.0,197,38849.21184320267,10.14053400901933,10.567443068413755,20.65241849699526,0.0,1
13020,"Bay City, MI",2020,0,-2,22300.0,21830.0,951200300.0,129,125,0.2879856966858649,99720.0,197,43573.07833256986,10.01234195744821,10.682194769187891,20.673235218731882,0.0,1
13020,"Bay City, MI",2021,0,-1,25100.0,25060.0,1206077100.0,156,155,0.2879856966858649,99720.0,197,48127.5778132482,10.130623125119875,10.781610635106146,20.910638863556205,0.0,1
13020,"Bay City, MI",2022,0,0,26970.0,26720.0,1301485000.0,161,158,0.2879856966858649,99720.0,197,48708.270958083835,10.202480416133776,10.793604129518624,20.986771757169205,0.0,1
13020,"Bay City, MI",2023,1,1,26870.0,26750.0,1358467100.0,160,158,0.2879856966858649,99720.0,197,50783.81682242991,10.198765701609537,10.83533301632589,21.029622768650043,0.2879856966858649,1
13020,"Bay City, MI",2024,1,2,27190.0,27190.0,1397483800.0,174,174,0.2879856966858649,99720.0,197,51396.976829716805,10.210604537626516,10.847334633171021,21.05793917079754,0.2879856966858649,1
13140,"Beaumont-Port Arthur, TX",2019,0,-3,141270.0,140890.0,6729675900.0,317,310,0.2767493771188085,547710.0,418,47765.461707715236,11.85842823190571,10.7740580988924,22.629792821939724,0.0,1
13140,"Beaumont-Port Arthur, TX",2020,0,-2,133470.0,132580.0,6552251400.0,300,289,0.2767493771188085,547710.0,418,49421.11479861216,11.801632012468197,10.808133036929059,22.60307455272444,0.0,1
13140,"Beaumont-Port Arthur, TX",2021,0,-1,134910.0,134860.0,6781898000.0,355,354,0.2767493771188085,547710.0,418,50288.43244846507,11.812363168432864,10.825530358436922,22.637522840725495,0.0,1
13140,"Beaumont-Port Arthur, TX",2022,0,0,138060.0,137620.0,7243967100.0,351,346,0.2767493771188085,547710.0,418,52637.4589449208,11.835443652257467,10.87118329251112,22.70343483526759,0.0,1
13140,"Beaumont-Port Arthur, TX",2023,1,1,143340.0,142840.0,8077105600.0,356,351,0.2767493771188085,547710.0,418,56546.52478297396,11.87297470954791,10.942819025773918,22.8122994274823,0.2767493771188085,1
13140,"Beaumont-Port Arthur, TX",2024,1,2,146690.0,146170.0,8588992400.0,345,343,0.2767493771188085,547710.0,418,58760.295546281726,11.89607679548181,10.98122165999405,22.873747266877388,0.2767493771188085,1
13220,"Beckley, WV",2019,0,-3,33840.0,33800.0,1267309300.0,156,155,0.281734028045689,132000.0,232,37494.35798816568,10.429398813720159,10.531945746990301,20.960161828461413,0.0,1
13220,"Beckley, WV",2020,0,-2,30690.0,30690.0,1207202000.0,150,150,0.281734028045689,132000.0,232,39335.35353535353,10.331692147613781,10.579878974529068,20.91157112214285,0.0,1
13220,"Beckley, WV",2021,0,-1,32970.0,32970.0,1366786800.0,179,179,0.281734028045689,132000.0,232,41455.46860782529,10.403353336065777,10.632375084498618,21.035728420564396,0.0,1
13220,"Beckley, WV",2022,0,0,34500.0,34500.0,1509658200.0,187,187,0.281734028045689,132000.0,232,43758.208695652174,10.448714603019452,10.686434501515148,21.135149104534598,0.0,1
13220,"Beckley, WV",2023,1,1,34740.0,34740.0,1587759200.0,186,186,0.281734028045689,132000.0,232,45704.06447898676,10.455647039795096,10.729942511198567,21.185589550993665,0.281734028045689,1
13220,"Beckley, WV",2024,1,2,36770.0,36770.0,1772471400.0,191,191,0.281734028045689,132000.0,232,48204.280663584446,10.512437574295317,10.783203106543088,21.295640680838407,0.281734028045689,1
13380,"Bellingham, WA",2019,0,-3,74190.0,74040.0,3671050500.0,263,261,0.2881737640681917,293960.0,361,49581.98946515397,11.214384649183572,10.811382931148682,22.023743697836117,0.0,1
13380,"Bellingham, WA",2020,0,-2,67400.0,67290.0,3540874400.0,261,258,0.2881737640681917,293960.0,361,52621.10863426958,11.118400296900399,10.870872623058576,21.987639539240938,0.0,1
13380,"Bellingham, WA",2021,0,-1,73050.0,72880.0,4125855600.0,303,300,0.2881737640681917,293960.0,361,56611.630076838635,11.198899417178845,10.943969721472858,22.140539253406697,0.0,1
13380,"Bellingham, WA",2022,0,0,79320.0,79040.0,4719542300.0,311,308,0.2881737640681917,293960.0,361,59710.808451417004,11.281245582633732,10.997268329081216,22.274977661502966,0.0,1
13380,"Bellingham, WA",2023,1,1,80380.0,80060.0,5143341300.0,314,312,0.2881737640681917,293960.0,361,64243.583562328255,11.294520668003193,11.070437131036261,22.360968763582825,0.2881737640681917,1
13380,"Bellingham, WA",2024,1,2,81580.0,81010.0,5504251200.0,322,317,0.2881737640681917,293960.0,361,67945.3302061474,11.30933941287155,11.126458693246349,22.428786576070884,0.2881737640681917,1
13740,"Billings, MT",2019,0,-3,71540.0,70750.0,3256546900.0,266,257,0.29584223980014324,299410.0,375,46028.93144876325,11.178012012813008,10.73702542230684,21.903933237812325,0.0,1
13740,"Billings, MT",2020,0,-2,71510.0,70810.0,3454332000.0,267,258,0.29584223980014324,299410.0,375,48783.109730264085,11.177592579042441,10.795139419845874,21.962894932491693,0.0,1
13740,"Billings, MT",2021,0,-1,76910.0,76260.0,3846317700.0,322,317,0.29584223980014324,299410.0,375,50436.896144767896,11.2503911860511,10.828478252594026,22.07038208600558,0.0,1
13740,"Billings, MT",2022,0,0,79450.0,78960.0,4162987300.0,305,299,0.29584223980014324,299410.0,375,52722.73682877406,11.282883171964862,10.87280208036263,22.149498754469995,0.0,1
13740,"Billings, MT",2023,1,1,80970.0,80510.0,4456586400.0,322,317,0.29584223980014324,299410.0,375,55354.445410508015,11.30183399468016,10.921512249464731,22.21764892875876,0.29584223980014324,1
13740,"Billings, MT",2024,1,2,84090.0,83600.0,4854092400.0,324,316,0.29584223980014324,299410.0,375,58063.30622009569,11.339642932826944,10.969289180843573,22.303087979916366,0.29584223980014324,1
13780,"Binghamton, NY",2019,0,-3,86360.0,86220.0,4216176400.0,289,287,0.2996809337229898,327330.0,362,48900.21340756205,11.366279884628744,10.797537039616264,22.16219448791739,0.0,1
13780,"Binghamton, NY",2020,0,-2,78050.0,77530.0,3927598500.0,273,268,0.2996809337229898,327330.0,362,50659.08035599123,11.265104925943579,10.832873770133713,22.09129400734672,0.0,1
13780,"Binghamton, NY",2021,0,-1,80530.0,80300.0,4246786200.0,312,309,0.2996809337229898,327330.0,362,52886.50311332503,11.296385064789591,10.87590344565805,22.1694283455929,0.0,1
13780,"Binghamton, NY",2022,0,0,82390.0,81850.0,4578558800.0,303,296,0.2996809337229898,327330.0,362,55938.40928527795,11.319219349309636,10.932006530264365,22.244650113063646,0.0,1
13780,"Binghamton, NY",2023,1,1,83860.0,83520.0,4972917400.0,311,307,0.2996809337229898,327330.0,362,59541.63553639847,11.336904020724754,10.994431103732266,22.327272506848733,0.2996809337229898,1
13780,"Binghamton, NY",2024,1,2,85850.0,85710.0,5358857200.0,327,324,0.2996809337229898,327330.0,362,62523.12682300782,11.360356866325622,11.04329179644871,22.402016580341638,0.2996809337229898,1
13900,"Bismarck, ND",2019,0,-3,60270.0,59750.0,2944610100.0,260,253,0.3086798905897115,240560.0,329,49282.17740585774,11.00658974647709,10.805317781603414,21.803242251397172,0.0,1
13900,"Bismarck, ND",2020,0,-2,56380.0,56110.0,2839567600.0,235,232,0.3086798905897115,240560.0,329,50607.15736945286,10.939869764668103,10.831848295261638,21.766917624006656,0.0,1
13900,"Bismarck, ND",2021,0,-1,61610.0,61510.0,3264429000.0,267,265,0.3086798905897115,240560.0,329,53071.51682653227,11.028579474008616,10.879395657032719,21.906350699235134,0.0,1
13900,"Bismarck, ND",2022,0,0,62300.0,62000.0,3366798300.0,264,261,0.3086798905897115,240560.0,329,54303.198387096774,11.039716704775545,10.90233840634384,21.93722807037107,0.0,1
13900,"Bismarck, ND",2023,1,1,63290.0,62970.0,3634404000.0,286,282,0.3086798905897115,240560.0,329,57716.436398284895,11.055482617769352,10.963297271520394,22.01371097300318,0.3086798905897115,1
13900,"Bismarck, ND",2024,1,2,62100.0,61600.0,3699809700.0,276,270,0.3086798905897115,240560.0,329,60061.84577922078,11.03650126792157,11.003130073319854,22.031547222841464,0.3086798905897115,1
13980,"Blacksburg-Christiansburg-Radford, VA",2019,0,-3,52930.0,52680.0,2210881100.0,220,217,0.29572005552273606,213920.0,316,41968.13022019742,10.876725564852034,10.644665804946804,21.51665696080402,0.0,1
13980,"Blacksburg-Christiansburg-Radford, VA",2020,0,-2,47960.0,46820.0,2115046000.0,218,210,0.29572005552273606,213920.0,316,45173.98547629218,10.77812260914145,10.718276657572218,21.472342398617123,0.0,1
13980,"Blacksburg-Christiansburg-Radford, VA",2021,0,-1,55590.0,54670.0,2707038100.0,263,257,0.29572005552273606,213920.0,316,49515.970367660506,10.925758607947515,10.810050530211836,21.71912092210088,0.0,1
13980,"Blacksburg-Christiansburg-Radford, VA",2022,0,0,57440.0,57250.0,2915135200.0,264,261,0.29572005552273606,213920.0,316,50919.39213973799,10.958496203722106,10.837999115045848,21.793182036462333,0.0,1
13980,"Blacksburg-Christiansburg-Radford, VA",2023,1,1,58300.0,58070.0,3113612600.0,269,265,0.29572005552273606,213920.0,316,53618.264163940075,10.973357372338583,10.889645038344266,21.859049496710362,0.29572005552273606,1
13980,"Blacksburg-Christiansburg-Radford, VA",2024,1,2,60860.0,60410.0,3452418900.0,273,272,0.29572005552273606,213920.0,316,57149.791425260715,11.016331423450962,10.953431019614559,21.962340952747347,0.29572005552273606,1
14010,"Bloomington, IL",2019,0,-3,71560.0,71100.0,3817056600.0,225,220,0.33612516617186516,269910.0,321,53685.74683544304,11.178291537622655,10.8909028232075,22.06274543899883,0.0,1
14010,"Bloomington, IL",2020,0,-2,67140.0,66120.0,3553794300.0,214,209,0.33612516617186516,269910.0,321,53747.645190562616,11.114535270534025,10.892055134622067,21.991281686557027,0.0,1
14010,"Bloomington, IL",2021,0,-1,63970.0,63880.0,3246915400.0,257,256,0.33612516617186516,269910.0,321,50828.356293049466,11.066169502444183,10.836209672578905,21.900971274907853,0.0,1
14010,"Bloomington, IL",2022,0,0,67240.0,66990.0,3808338800.0,249,247,0.33612516617186516,269910.0,321,56849.362591431556,11.116023587522552,10.948160287003804,22.060458920506118,0.0,1
14010,"Bloomington, IL",2023,1,1,70800.0,67880.0,3994644200.0,245,239,0.33612516617186516,269910.0,321,58848.6181496759,11.16761427968181,10.982723631523633,22.108220350871797,0.33612516617186516,1
14010,"Bloomington, IL",2024,1,2,71150.0,71000.0,4615566500.0,246,245,0.33612516617186516,269910.0,321,65007.97887323944,11.172545603517998,11.082265293240368,22.25270044926382,0.33612516617186516,1
14020,"Bloomington, IN",2019,0,-3,50230.0,49450.0,2053760900.0,195,190,0.3022837610621157,211450.0,301,41532.07077856421,10.82436773674409,10.634221197615387,21.442938534666244,0.0,1
14020,"Bloomington, IN",2020,0,-2,47830.0,46710.0,2149444600.0,205,200,0.3022837610621157,211450.0,301,46016.79725968743,10.775408336674342,10.736761766636633,21.488475320132785,0.0,1
14020,"Bloomington, IN",2021,0,-1,54610.0,54050.0,2665780000.0,246,244,0.3022837610621157,211450.0,301,49320.62904717854,10.9079722951462,10.806097711600401,21.703762534667757,0.0,1
14020,"Bloomington, IN",2022,0,0,58780.0,58680.0,3088102300.0,254,252,0.3022837610621157,211450.0,301,52626.14689843218,10.981556939972908,10.870968364541637,21.850822596798555,0.0,1
14020,"Bloomington, IN",2023,1,1,60700.0,60650.0,3348055500.0,264,263,0.3022837610621157,211450.0,301,55202.893652102226,11.01369897704759,10.918770652124978,21.931645566497174,0.3022837610621157,1
14020,"Bloomington, IN",2024,1,2,58720.0,58720.0,3358098200.0,261,261,0.3022837610621157,211450.0,301,57188.32084468665,10.980535663288396,10.954104975483157,21.934640638771555,0.3022837610621157,1
14260,"Boise City, ID",2019,0,-3,301270.0,300150.0,13771314000.0,389,382,0.3096765585715872,1250480.0,532,45881.43928035982,12.615762151624775,10.733815941290926,23.345853569970917,0.0,1
14260,"Boise City, ID",2020,0,-2,298480.0,298180.0,14313009400.0,382,379,0.3096765585715872,1250480.0,532,48001.23884901737,12.60645820789504,10.7789820989115,23.38443470889389,0.0,1
14260,"Boise City, ID",2021,0,-1,318380.0,317780.0,15746565200.0,445,438,0.3096765585715872,1250480.0,532,49551.78173579206,12.671000916909128,10.810773497452558,23.479888095894914,0.0,1
14260,"Boise City, ID",2022,0,0,332350.0,331860.0,17485931200.0,467,462,0.3096765585715872,1250480.0,532,52690.68643403845,12.713943909469728,10.872193990904359,23.584662463121138,0.0,1
14260,"Boise City, ID",2023,1,1,350200.0,344860.0,19324596200.0,470,458,0.3096765585715872,1250480.0,532,56036.06159021052,12.766259698833888,10.933750719434013,23.684644535988134,0.3096765585715872,1
14260,"Boise City, ID",2024,1,2,363220.0,359270.0,21456665700.0,462,456,0.3096765585715872,1250480.0,532,59722.95404570379,12.80276399027249,10.997471715361186,23.789301189290782,0.3096765585715872,1
14500,"Boulder, CO",2019,0,-3,160210.0,157010.0,10299031100.0,341,329,0.36706301992166246,656310.0,454,65594.7461945099,11.98424073364076,11.0912508832266,23.055315659796168,0.0,1
14500,"Boulder, CO",2020,0,-2,154050.0,149810.0,10229646900.0,338,319,0.36706301992166246,656310.0,454,68284.13924304118,11.945032504024814,11.13143279667379,23.048555900185217,0.0,1
14500,"Boulder, CO",2021,0,-1,165190.0,163550.0,11882934400.0,383,377,0.36706301992166246,656310.0,454,72656.2788138184,12.014851605549186,11.193495090781074,23.198369123747604,0.0,1
14500,"Boulder, CO",2022,0,0,176860.0,173090.0,13843054600.0,393,384,0.36706301992166246,656310.0,454,79976.0506095095,12.083113738129725,11.289482501455527,23.35104947087597,0.0,1
14500,"Boulder, CO",2023,1,1,175790.0,174620.0,15304019000.0,381,370,0.36706301992166246,656310.0,454,87641.84514946741,12.077045379793937,11.381013847224283,23.45138131058908,0.36706301992166246,1
14500,"Boulder, CO",2024,1,2,176550.0,172090.0,15346122300.0,382,365,0.36706301992166246,656310.0,454,89174.97995235052,12.081359401356533,11.398355785414626,23.45412866017358,0.36706301992166246,1
14540,"Bowling Green, KY",2019,0,-3,60150.0,59770.0,2387720900.0,223,219,0.28266941447043803,237080.0,305,39948.48418939267,11.004596721402825,10.595346007781028,21.593605149599327,0.0,1
14540,"Bowling Green, KY",2020,0,-2,52890.0,52640.0,2141164000.0,202,197,0.28266941447043803,237080.0,305,40675.60790273556,10.875969564060025,10.613383877340906,21.484615443340104,0.0,1
14540,"Bowling Green, KY",2021,0,-1,61030.0,60610.0,2582245700.0,258,255,0.28266941447043803,237080.0,305,42604.28477148985,11.01912082553854,10.659710108689856,21.671925283635186,0.0,1
14540,"Bowling Green, KY",2022,0,0,63010.0,62400.0,2824981000.0,257,253,0.28266941447043803,237080.0,305,45272.131410256414,11.051048722936102,10.720446921500962,21.76176747585848,0.0,1
14540,"Bowling Green, KY",2023,1,1,66580.0,66500.0,3210215400.0,265,264,0.28266941447043803,237080.0,305,48273.915789473685,11.106159511129016,10.784646647996835,21.88960387464078,0.28266941447043803,1
14540,"Bowling Green, KY",2024,1,2,68740.0,68640.0,3488338900.0,266,265,0.28266941447043803,237080.0,305,50820.78817016317,11.138086550403825,10.836060765808655,21.9726914999705,0.28266941447043803,1
15180,"Brownsville-Harlingen, TX",2019,0,-3,124540.0,124230.0,4257792600.0,258,255,0.28059727833504877,508480.0,364,34273.46534653466,11.732382228426443,10.442126728709926,22.172016693917648,0.0,1
15180,"Brownsville-Harlingen, TX",2020,0,-2,120310.0,119590.0,4195136900.0,260,253,0.28059727833504877,508480.0,364,35079.32853917552,11.69782702402757,10.465367305458448,22.1571918104213,0.0,1
15180,"Brownsville-Harlingen, TX",2021,0,-1,127190.0,126840.0,4903769200.0,307,304,0.28059727833504877,508480.0,364,38661.06275622832,11.75343731044553,10.562588242198977,22.313269970851263,0.0,1
15180,"Brownsville-Harlingen, TX",2022,0,0,136440.0,136410.0,5606175900.0,311,310,0.28059727833504877,508480.0,364,41097.983285682865,11.823640236532581,10.62371433080556,22.447134666292726,0.0,1
15180,"Brownsville-Harlingen, TX",2023,1,1,142040.0,142040.0,6104810400.0,308,308,0.28059727833504877,508480.0,364,42979.51562940017,11.863863987057025,10.668478900458735,22.53234288751576,0.28059727833504877,1
15180,"Brownsville-Harlingen, TX",2024,1,2,145730.0,145570.0,6429870700.0,302,301,0.28059727833504877,508480.0,364,44170.3008861716,11.889510873527742,10.69580791657035,22.584220266129055,0.28059727833504877,1
15500,"Burlington, NC",2019,0,-3,49670.0,48430.0,1820387300.0,181,175,0.27194755872177656,206760.0,261,37588.009498244886,10.813156408101396,10.534440382196467,21.322315117593742,0.0,1
15500,"Burlington, NC",2020,0,-2,49360.0,49290.0,2016349600.0,186,185,0.27194755872177656,206760.0,261,40907.88395212011,10.80689565857927,10.619078085120279,21.424554584819703,0.0,1
15500,"Burlington, NC",2021,0,-1,52310.0,52120.0,2321541800.0,231,228,0.27194755872177656,206760.0,261,44542.24481964697,10.864942836364657,10.704193339623197,21.56549737086198,0.0,1
15500,"Burlington, NC",2022,0,0,55420.0,55420.0,2588459300.0,235,235,0.27194755872177656,206760.0,261,46706.23060267052,10.922695818416969,10.75163285237372,21.67432867079069,0.0,1
15500,"Burlington, NC",2023,1,1,56730.0,56660.0,2788215500.0,234,232,0.27194755872177656,206760.0,261,49209.59230497706,10.946058450320614,10.803843849025402,21.748667622409908,0.27194755872177656,1
15500,"Burlington, NC",2024,1,2,58500.0,58380.0,2970508700.0,238,236,0.27194755872177656,206760.0,261,50882.300445358,10.976782033219948,10.837270410147541,21.811999054555645,0.27194755872177656,1
15940,"Canton-Massillon, OH",2019,0,-3,149210.0,148250.0,6284129900.0,332,318,0.28474826551073784,584150.0,426,42388.734569983135,11.913109988634467,10.654637911812946,22.561293228672916,0.0,1
15940,"Canton-Massillon, OH",2020,0,-2,139460.0,138800.0,6077014300.0,315,305,0.28474826551073784,584150.0,426,43782.52377521614,11.845533100775002,10.68699001617679,22.527779343231632,0.0,1
15940,"Canton-Massillon, OH",2021,0,-1,146440.0,146120.0,6883913600.0,377,373,0.28474826551073784,584150.0,426,47111.37147549959,11.894371067234173,10.76026968346519,22.652453164374407,0.0,1
15940,"Canton-Massillon, OH",2022,0,0,149040.0,149000.0,7407974800.0,379,378,0.28474826551073784,584150.0,426,49717.95167785235,11.911970005275471,10.814121347629046,22.725822932556643,0.0,1
15940,"Canton-Massillon, OH",2023,1,1,149610.0,149170.0,7793977200.0,372,367,0.28474826551073784,584150.0,426,52248.95890594624,11.915787187208277,10.863775244383499,22.776617118531476,0.28474826551073784,1
15940,"Canton-Massillon, OH",2024,1,2,153440.0,153280.0,8330430000.0,378,375,0.28474826551073784,584150.0,426,54347.794885177456,11.941064890117266,10.903159319236435,22.84318091244112,0.28474826551073784,1
15980,"Cape Coral-Fort Myers, FL",2019,0,-3,241850.0,240050.0,10472531800.0,341,324,0.2915727450090332,996830.0,475,43626.460320766506,12.39607297825113,10.683419133345998,23.072021647305085,0.0,1
15980,"Cape Coral-Fort Myers, FL",2020,0,-2,233490.0,230930.0,10430955700.0,337,329,0.2915727450090332,996830.0,475,45169.34005975837,12.360894528621543,10.718173818397098,23.06804373167504,0.0,1
15980,"Cape Coral-Fort Myers, FL",2021,0,-1,251760.0,251110.0,12169582200.0,399,398,0.2915727450090332,996830.0,475,48463.152403329215,12.436231531738288,10.78855904391239,23.22220541303609,0.0,1
15980,"Cape Coral-Fort Myers, FL",2022,0,0,269730.0,268430.0,13827331900.0,408,400,0.2915727450090332,996830.0,475,51511.87236896025,12.505176737646929,10.84956759151966,23.349913042825566,0.0,1
15980,"Cape Coral-Fort Myers, FL",2023,1,1,274540.0,272670.0,15258968600.0,415,407,0.2915727450090332,996830.0,475,55961.303407048814,12.52285224880565,10.932415720271013,23.44843327205194,0.2915727450090332,1
15980,"Cape Coral-Fort Myers, FL",2024,1,2,282560.0,281180.0,16156554000.0,407,403,0.2915727450090332,996830.0,475,57459.82644569315,12.551646196397732,10.958841312091774,23.50559162472567,0.2915727450090332,1
16020,"Cape Girardeau, MO-IL",2019,0,-3,33280.0,32940.0,1262399400.0,167,160,0.2930746265334437,138010.0,248,38324.20765027322,10.412711894935144,10.553837029038968,20.9562800327706,0.0,1
16020,"Cape Girardeau, MO-IL",2020,0,-2,32850.0,32270.0,1285961100.0,177,168,0.2930746265334437,138010.0,248,39850.049581654785,10.399707023912757,10.592878928424733,20.97477221347074,0.0,1
16020,"Cape Girardeau, MO-IL",2021,0,-1,35370.0,35280.0,1518260300.0,199,197,0.2930746265334437,138010.0,248,43034.589002267574,10.473619282199527,10.669759466724681,21.140830976845407,0.0,1
16020,"Cape Girardeau, MO-IL",2022,0,0,36510.0,36510.0,1681605500.0,201,201,0.2930746265334437,138010.0,248,46058.764721993975,10.505341474649683,10.737673354126507,21.24301482877619,0.0,1
16020,"Cape Girardeau, MO-IL",2023,1,1,37150.0,37150.0,1867952000.0,193,193,0.2930746265334437,138010.0,248,50281.34589502019,10.522719050145906,10.825389430345533,21.348108480491437,0.2930746265334437,1
16020,"Cape Girardeau, MO-IL",2024,1,2,36280.0,36180.0,1904135500.0,205,202,0.2930746265334437,138010.0,248,52629.505251520175,10.499021904229073,10.871032177800508,21.367293936749792,0.2930746265334437,1
16180,"Carson City, NV",2019,0,-3,21080.0,21000.0,1036256000.0,137,136,0.3307946973972495,87260.0,209,49345.52380952381,9.956080002655298,10.80660233780002,20.758880054505582,0.0,1
16180,"Carson City, NV",2020,0,-2,20690.0,20510.0,1072396700.0,141,139,0.3307946973972495,87260.0,209,52286.52852267187,9.93740577073959,10.86449403604492,20.793161887111346,0.0,1
16180,"Carson City, NV",2021,0,-1,22730.0,22610.0,1221741900.0,157,154,0.3307946973972495,87260.0,209,54035.46660769571,10.03144091684659,10.897395898986291,20.923543464258305,0.0,1
16180,"Carson City, NV",2022,0,0,22760.0,22730.0,1358340400.0,159,158,0.3307946973972495,87260.0,209,59759.80642322921,10.032759888240268,10.998088580564994,21.029529497411584,0.0,1
16180,"Carson City, NV",2023,1,1,23260.0,23260.0,1411790700.0,157,157,0.3307946973972495,87260.0,209,60696.07480653482,10.054490426072656,11.013634309495977,21.06812473556863,0.3307946973972495,1
16180,"Carson City, NV",2024,1,2,23970.0,23810.0,1521439200.0,161,158,0.3307946973972495,87260.0,209,63899.16841663167,10.08455832742843,11.065061626456716,21.142922565937624,0.3307946973972495,1
16220,"Casper, WY",2019,0,-3,30580.0,30320.0,1470390100.0,168,164,0.27788263574448047,118970.0,221,48495.71569920844,10.328101479483053,10.789230736924917,21.108793576681226,0.0,1
16220,"Casper, WY",2020,0,-2,28290.0,28040.0,1383137100.0,157,154,0.27788263574448047,118970.0,221,49327.28601997147,10.250263664295613,10.806232675888264,21.047620017036788,0.0,1
16220,"Casper, WY",2021,0,-1,29310.0,29310.0,1466923500.0,180,180,0.27788263574448047,118970.0,221,50048.5670419652,10.285684033704937,10.82074915380334,21.106433187508276,0.0,1
16220,"Casper, WY",2022,0,0,30790.0,30540.0,1591521300.0,185,181,0.27788263574448047,118970.0,221,52112.681728880154,10.334945240918547,10.861163609424615,21.18795618819724,0.0,1
16220,"Casper, WY",2023,1,1,31680.0,31520.0,1742647600.0,185,183,0.27788263574448047,118970.0,221,55287.043147208125,10.363440845928363,10.92029385892215,21.278671402893966,0.27788263574448047,1
16220,"Casper, WY",2024,1,2,32740.0,32620.0,1865702700.0,198,197,0.27788263574448047,118970.0,221,57195.05518087063,10.396352850925126,10.954222725744179,21.346903601919184,0.27788263574448047,1
16300,"Cedar Rapids, IA",2019,0,-3,126170.0,125760.0,6366105100.0,321,316,0.3145479414599998,498830.0,429,50621.064726463104,11.745385482921787,10.832123067589153,22.574253675252187,0.0,1
16300,"Cedar Rapids, IA",2020,0,-2,119620.0,119360.0,6254358100.0,311,307,0.3145479414599998,498830.0,429,52399.112768096515,11.692075330598549,10.866644938259233,22.556544353696818,0.0,1
16300,"Cedar Rapids, IA",2021,0,-1,125730.0,124020.0,6736665400.0,379,373,0.3145479414599998,498830.0,429,54319.18561522335,11.741892029587227,10.902632769764214,22.630830891668083,0.0,1
16300,"Cedar Rapids, IA",2022,0,0,127310.0,127160.0,6976931700.0,376,373,0.3145479414599998,498830.0,429,54867.34586347908,11.754380336055691,10.912673657523131,22.66587507254787,0.0,1
16300,"Cedar Rapids, IA",2023,1,1,128090.0,127880.0,7384946300.0,387,383,0.3145479414599998,498830.0,429,57749.03268689397,11.760488420825181,10.963861878233264,22.72270948140704,0.3145479414599998,1
16300,"Cedar Rapids, IA",2024,1,2,126760.0,126500.0,7562757900.0,376,372,0.3145479414599998,498830.0,429,59784.64743083004,11.750050813804856,10.998504175051522,22.746501762201234,0.3145479414599998,1
16580,"Champaign-Urbana, IL",2019,0,-3,79920.0,78690.0,3772390400.0,258,250,0.31414654207922044,329720.0,372,47939.89579362053,11.288781413322436,10.77770333430267,22.050974695831698,0.0,1
16580,"Champaign-Urbana, IL",2020,0,-2,76130.0,75990.0,3838108800.0,256,252,0.31414654207922044,329720.0,372,50508.07737860245,11.240197684300258,10.829888550564256,22.068245582228087,0.0,1
16580,"Champaign-Urbana, IL",2021,0,-1,83230.0,82990.0,4558460700.0,308,304,0.31414654207922044,329720.0,372,54927.83106398361,11.32936313874014,10.913775440102583,22.240250837695076,0.0,1
16580,"Champaign-Urbana, IL",2022,0,0,90440.0,89560.0,5139294600.0,319,315,0.31414654207922044,329720.0,372,57383.81643590889,11.412441926391907,10.957517598928801,22.36018166964149,0.0,1
16580,"Champaign-Urbana, IL",2023,1,1,93390.0,93040.0,5817006400.0,330,325,0.31414654207922044,329720.0,372,62521.5649183147,11.444539552103764,11.043266814905367,22.484051602097914,0.31414654207922044,1
16580,"Champaign-Urbana, IL",2024,1,2,91630.0,91500.0,5715859300.0,324,322,0.31414654207922044,329720.0,372,62468.40765027322,11.42551400795926,11.042416230331996,22.46651048159561,0.31414654207922044,1
16620,"Charleston, WV",2019,0,-3,92710.0,92270.0,4115583500.0,285,282,0.32081148728651454,361210.0,384,44603.701094613636,11.437231620601029,10.705572118749322,22.138046459321924,0.0,1
16620,"Charleston, WV",2020,0,-2,87870.0,86990.0,3996925100.0,277,272,0.32081148728651454,361210.0,384,45946.94907460628,11.38361372848989,10.735242728944142,22.108791177445728,0.0,1
16620,"Charleston, WV",2021,0,-1,89950.0,89800.0,4233329700.0,311,309,0.32081148728651454,361210.0,384,47141.75612472161,11.407009239378679,10.76091442918447,22.16625468347476,0.0,1
16620,"Charleston, WV",2022,0,0,90680.0,90590.0,4477136200.0,299,297,0.32081148728651454,361210.0,384,49421.96931228612,11.415092104621465,10.808150327236856,22.22224943790019,0.0,1
16620,"Charleston, WV",2023,1,1,93070.0,92070.0,4847705100.0,318,314,0.32081148728651454,361210.0,384,52652.38514173998,11.441107177179756,10.87146681837344,22.301771254655332,0.32081148728651454,1
16620,"Charleston, WV",2024,1,2,95880.0,94180.0,5258104100.0,320,315,0.32081148728651454,361210.0,384,55830.368443406245,11.470852688548321,10.930073237663004,22.38303636146055,0.32081148728651454,1
16700,"Charleston-North Charleston, SC",2019,0,-3,327000.0,326330.0,15563341100.0,389,384,0.30891576438658536,1289350.0,519,47692.032911469985,12.697715449879391,10.772519638009445,23.46818405629722,0.0,1
16700,"Charleston-North Charleston, SC",2020,0,-2,307420.0,305630.0,15417678200.0,383,374,0.30891576438658536,1289350.0,519,50445.565553119784,12.635970169778924,10.82865012406162,23.458780623057272,0.0,1
16700,"Charleston-North Charleston, SC",2021,0,-1,320290.0,319410.0,16431784300.0,451,447,0.30891576438658536,1289350.0,519,51444.17613725306,12.676982114379307,10.848252540243989,23.52248336322075,0.0,1
16700,"Charleston-North Charleston, SC",2022,0,0,334640.0,333520.0,18146436500.0,464,455,0.30891576438658536,1289350.0,519,54408.8405492924,12.72081060611608,10.904281929737985,23.621740042292664,0.0,1
16700,"Charleston-North Charleston, SC",2023,1,1,353130.0,351690.0,20579023700.0,483,479,0.30891576438658536,1289350.0,519,58514.66831584634,12.774591540074637,10.977032742231636,23.74753812696562,0.30891576438658536,1
16700,"Charleston-North Charleston, SC",2024,1,2,366940.0,365150.0,22437144600.0,483,477,0.30891576438658536,1289350.0,519,61446.377105299194,12.81295362593271,11.025920156466888,23.833983663515145,0.30891576438658536,1
16740,"Charlotte-Concord-Gastonia, NC-SC",2019,0,-3,1160160.0,1159020.0,60031171400.0,523,517,0.3187643064736759,4653580.0,646,51794.76747597108,13.96406848460542,10.855044409167927,24.81812978759632,0.0,1
16740,"Charlotte-Concord-Gastonia, NC-SC",2020,0,-2,1120950.0,1120130.0,61265994000.0,518,511,0.3187643064736759,4653580.0,646,54695.43178023979,13.929687098026546,10.90953547085018,24.83849077881426,0.0,1
16740,"Charlotte-Concord-Gastonia, NC-SC",2021,0,-1,1159870.0,1158910.0,66753717900.0,587,581,0.3187643064736759,4653580.0,646,57600.433079359056,13.963818487836834,10.96128536539459,24.92427583155205,0.0,1
16740,"Charlotte-Concord-Gastonia, NC-SC",2022,0,0,1212600.0,1211230.0,73618756200.0,599,589,0.3187643064736759,4653580.0,646,60780.162479463026,14.008277372619768,11.015018739706155,25.02216566988904,0.0,1
16740,"Charlotte-Concord-Gastonia, NC-SC",2023,1,1,1256380.0,1255510.0,81331023100.0,606,599,0.3187643064736759,4653580.0,646,64779.271451442044,14.043745128022634,11.078740946157632,25.12179336865989,0.3187643064736759,1
16740,"Charlotte-Concord-Gastonia, NC-SC",2024,1,2,1286620.0,1279590.0,85666144900.0,603,594,0.3187643064736759,4653580.0,646,66948.12002281981,14.067529182685101,11.111673270408701,25.173723542493494,0.3187643064736759,1
16820,"Charlottesville, VA",2019,0,-3,95340.0,93780.0,4881851000.0,309,301,0.32815558430918446,375670.0,400,52056.419279164,11.465204728758817,10.860083395529275,22.30879028817285,0.0,1
16820,"Charlottesville, VA",2020,0,-2,89560.0,87620.0,4756864900.0,290,278,0.32815558430918446,375670.0,400,54289.71581830632,11.40266407071269,10.902090092373111,22.282854653741,0.0,1
16820,"Charlottesville, VA",2021,0,-1,93270.0,92050.0,5197118500.0,337,332,0.32815558430918446,375670.0,400,56459.73384030418,11.44325379172091,10.941282987667856,22.37137017432908,0.0,1
16820,"Charlottesville, VA",2022,0,0,97500.0,96170.0,5736941600.0,341,335,0.32815558430918446,375670.0,400,59654.17073931579,11.487607656985938,10.996319345271463,22.47019208297799,0.0,1
16820,"Charlottesville, VA",2023,1,1,98070.0,97690.0,6244011900.0,344,342,0.32815558430918446,375670.0,400,63916.59228170744,11.493436788386367,11.065334266780388,22.554888745427377,0.32815558430918446,1
16820,"Charlottesville, VA",2024,1,2,96570.0,96150.0,6453995400.0,337,334,0.32815558430918446,375670.0,400,67124.23712948518,11.478023412960964,11.114300466822714,22.58796521783964,0.32815558430918446,1
16860,"Chattanooga, TN-GA",2019,0,-3,215290.0,214000.0,9375022700.0,360,355,0.30029293494399695,872380.0,505,43808.517289719624,12.279741235455374,10.6875835361293,22.961314830133286,0.0,1
16860,"Chattanooga, TN-GA",2020,0,-2,204530.0,203760.0,9498904600.0,371,365,0.30029293494399695,872380.0,505,46618.10266980762,12.228469942972213,10.749744213988247,22.974442323641586,0.0,1
16860,"Chattanooga, TN-GA",2021,0,-1,224660.0,224320.0,11002623100.0,444,440,0.30029293494399695,872380.0,505,49048.78343437946,12.32234342719556,10.80057066212485,23.12139954495321,0.0,1
16860,"Chattanooga, TN-GA",2022,0,0,227900.0,227120.0,11718090100.0,437,432,0.30029293494399695,872380.0,505,51594.267787953504,12.336662215233776,10.851165855918026,23.18439964706488,0.0,1
16860,"Chattanooga, TN-GA",2023,1,1,238770.0,238590.0,12918818300.0,438,435,0.30029293494399695,872380.0,505,54146.52039062828,12.383256024468004,10.899448991650297,23.28195086826959,0.30029293494399695,1
16860,"Chattanooga, TN-GA",2024,1,2,246300.0,244650.0,13867944600.0,425,421,0.30029293494399695,872380.0,505,56684.83384426732,12.414305584108629,10.945261973235748,23.35284586995302,0.30029293494399695,1
16940,"Cheyenne, WY",2019,0,-3,35660.0,35540.0,1685613400.0,191,189,0.2984685119760751,149040.0,246,47428.62689926843,10.481784891417131,10.766981268405518,21.24539537011416,0.0,1
16940,"Cheyenne, WY",2020,0,-2,35670.0,35640.0,1724905500.0,188,187,0.2984685119760751,149040.0,246,48398.021885521885,10.482065278352938,10.78721422173567,21.268438103320417,0.0,1
16940,"Cheyenne, WY",2021,0,-1,38170.0,38070.0,1874993400.0,207,206,0.2984685119760751,149040.0,246,49251.205673758865,10.549805145739276,10.804689126986046,21.35187097636259,0.0,1
16940,"Cheyenne, WY",2022,0,0,39540.0,39070.0,2031074500.0,209,205,0.2984685119760751,149040.0,246,51985.52597901203,10.585068096724608,10.85872061226051,21.431830800309626,0.0,1
16940,"Cheyenne, WY",2023,1,1,39500.0,38790.0,2187872400.0,213,207,0.2984685119760751,149040.0,246,56403.00077339521,10.584055950889214,10.940277641272846,21.506195401706858,0.2984685119760751,1
16940,"Cheyenne, WY",2024,1,2,40510.0,39830.0,2384087700.0,209,204,0.2984685119760751,149040.0,246,59856.58297765503,10.609304136196736,10.999706696209953,21.592082372385644,0.2984685119760751,1
17020,"Chico, CA",2019,0,-3,65220.0,65090.0,3001831200.0,237,233,0.28629325540675993,253610.0,315,46118.16254416961,11.085521449343311,10.738962132829782,21.822488339396216,0.0,1
17020,"Chico, CA",2020,0,-2,58800.0,58420.0,2892597800.0,224,219,0.28629325540675993,253610.0,315,49513.82745635056,10.981897133886719,10.810007252100451,21.785420828042184,0.0,1
17020,"Chico, CA",2021,0,-1,64220.0,64120.0,3434821500.0,265,264,0.28629325540675993,253610.0,315,53568.64472863381,11.070069967643505,10.8887191894815,21.95723079620499,0.0,1
17020,"Chico, CA",2022,0,0,65370.0,64820.0,3653650100.0,266,264,0.28629325540675993,253610.0,315,56366.0922554767,11.087818716606776,10.939623055548246,22.018992532243786,0.0,1
17020,"Chico, CA",2023,1,1,65560.0,65560.0,3893301900.0,283,283,0.28629325540675993,253610.0,315,59385.324893227575,11.090721032857767,10.991802419157887,22.082523452015653,0.28629325540675993,1
17020,"Chico, CA",2024,1,2,68080.0,67940.0,4263364700.0,284,281,0.28629325540675993,253610.0,315,62751.90903738593,11.128438763247257,11.046944279437811,22.173324521152388,0.28629325540675993,1
17140,"Cincinnati, OH-KY-IN",2019,0,-3,1003630.0,1001550.0,50733778500.0,537,526,0.30899673578148806,3941400.0,658,50655.26284259398,13.819133985415041,10.832798410351899,24.649857768306024,0.0,1
17140,"Cincinnati, OH-KY-IN",2020,0,-2,947060.0,940610.0,49602894400.0,527,514,0.30899673578148806,3941400.0,658,52734.815066818344,13.761117728133728,10.873031143865054,24.627315023813424,0.0,1
17140,"Cincinnati, OH-KY-IN",2021,0,-1,979520.0,978390.0,54117839100.0,609,603,0.30899673578148806,3941400.0,658,55313.15641002054,13.794817934739184,10.920766068979676,24.71442971151394,0.0,1
17140,"Cincinnati, OH-KY-IN",2022,0,0,1011190.0,1010040.0,59359238600.0,598,591,0.30899673578148806,3941400.0,658,58769.195873430755,13.826638413085325,10.981373116910243,24.806873608903864,0.0,1
17140,"Cincinnati, OH-KY-IN",2023,1,1,1035430.0,1034520.0,64110731800.0,600,595,0.30899673578148806,3941400.0,658,61971.47643351506,13.850327357339637,11.034429500644347,24.88387760963632,0.30899673578148806,1
17140,"Cincinnati, OH-KY-IN",2024,1,2,1044060.0,1042460.0,66990072900.0,595,590,0.30899673578148806,3941400.0,658,64261.52840396754,13.858627517037679,11.070716417073701,24.927810279688117,0.30899673578148806,1
17300,"Clarksville, TN-KY",2019,0,-3,69160.0,69100.0,2691461200.0,245,244,0.2914212961382422,291670.0,332,38950.23444283647,11.144177939797228,10.57004007035232,21.713350080108082,0.0,1
17300,"Clarksville, TN-KY",2020,0,-2,66960.0,66740.0,2749195900.0,237,235,0.2914212961382422,291670.0,332,41192.6266107282,11.111850705163357,10.62601455356231,21.734574305867675,0.0,1
17300,"Clarksville, TN-KY",2021,0,-1,76430.0,75340.0,3308216200.0,295,292,0.2914212961382422,291670.0,332,43910.48845234935,11.24413056823693,10.68990848743717,21.919674968683204,0.0,1
17300,"Clarksville, TN-KY",2022,0,0,79120.0,79120.0,3590596400.0,288,288,0.2914212961382422,291670.0,332,45381.653185035386,11.278720966296595,10.72286318748596,22.001584153782552,0.0,1
17300,"Clarksville, TN-KY",2023,1,1,83590.0,83540.0,4055587000.0,291,290,0.2914212961382422,291670.0,332,48546.64831218578,11.333679174693202,10.790280435542071,22.123361273593236,0.2914212961382422,1
17300,"Clarksville, TN-KY",2024,1,2,87040.0,86710.0,4432997900.0,287,284,0.2914212961382422,291670.0,332,51124.41356244955,11.374123062089769,10.84201742261818,22.212341918989388,0.2914212961382422,1
17420,"Cleveland, TN",2019,0,-3,28360.0,27820.0,1090638900.0,145,142,0.2782678171424924,127290.0,225,39203.411214953274,10.252734980646064,10.576519042782088,20.81002950825952,0.0,1
17420,"Cleveland, TN",2020,0,-2,26720.0,26630.0,1061282800.0,131,130,0.2782678171424924,127290.0,225,39852.902741269245,10.193167627650581,10.592950523253595,20.782744202061572,0.0,1
17420,"Cleveland, TN",2021,0,-1,35880.0,35780.0,1486611600.0,186,184,0.2782678171424924,127290.0,225,41548.675237562886,10.487935316172733,10.634620916202808,21.119765273265518,0.0,1
17420,"Cleveland, TN",2022,0,0,36330.0,36100.0,1603453400.0,189,186,0.2782678171424924,127290.0,225,44416.99168975069,10.500399125215248,10.701377370926094,21.195425515247067,0.0,1
17420,"Cleveland, TN",2023,1,1,36250.0,35890.0,1718281800.0,192,191,0.2782678171424924,127290.0,225,47876.338813039845,10.49819466028282,10.776376690855175,21.26459067499683,0.2782678171424924,1
17420,"Cleveland, TN",2024,1,2,36210.0,36040.0,1771824800.0,196,193,0.2782678171424924,127290.0,225,49162.73029966703,10.497090602759688,10.802891101187106,21.29527581290938,0.2782678171424924,1
17660,"Coeur d'Alene, ID",2019,0,-3,53380.0,52670.0,2237516300.0,214,208,0.2942320649456569,218600.0,288,42481.797987469145,10.885191422958515,10.656830980525516,21.52863229300295,0.0,1
17660,"Coeur d'Alene, ID",2020,0,-2,50120.0,49850.0,2168132800.0,202,199,0.2942320649456569,218600.0,288,43493.13540621866,10.822175409010004,10.680358397870386,21.49713217326037,0.0,1
17660,"Coeur d'Alene, ID",2021,0,-1,56940.0,56940.0,2642789400.0,242,242,0.2942320649456569,218600.0,288,46413.58271865121,10.949753360832029,10.7453474263824,21.69510078721443,0.0,1
17660,"Coeur d'Alene, ID",2022,0,0,58160.0,58160.0,2928580300.0,241,241,0.2942320649456569,218600.0,288,50353.85660247593,10.9709531122074,10.826830491091764,21.797783603299166,0.0,1
17660,"Coeur d'Alene, ID",2023,1,1,61450.0,61260.0,3262151700.0,247,244,0.2942320649456569,218600.0,288,53250.92556317336,11.02597911499418,10.88277046488866,21.905652845275426,0.2942320649456569,1
17660,"Coeur d'Alene, ID",2024,1,2,63150.0,63120.0,3534972300.0,241,240,0.2942320649456569,218600.0,288,56003.997148288974,11.053268127778637,10.93317834481804,21.985971300337795,0.2942320649456569,1
17780,"College Station-Bryan, TX",2019,0,-3,96780.0,96710.0,4595941800.0,303,302,0.32413175558507806,394920.0,406,47522.92213835177,11.48019564034731,10.768967444956354,22.248439533667362,0.0,1
17780,"College Station-Bryan, TX",2020,0,-2,93460.0,93150.0,4516399000.0,303,299,0.32413175558507806,394920.0,406,48485.2281266774,11.445288816254417,10.789014455825596,22.23098083185533,0.0,1
17780,"College Station-Bryan, TX",2021,0,-1,99480.0,99090.0,4437806500.0,322,318,0.32413175558507806,394920.0,406,44785.614088202645,11.507711897917341,10.709642252732284,22.213426059785228,0.0,1
17780,"College Station-Bryan, TX",2022,0,0,105200.0,105030.0,5129600800.0,330,327,0.32413175558507806,394920.0,406,48839.386841854706,11.563618579285746,10.796292373720254,22.358293676337077,0.0,1
17780,"College Station-Bryan, TX",2023,1,1,113270.0,113110.0,6271487200.0,323,321,0.32413175558507806,394920.0,406,55445.91282822032,11.63752962819476,10.923163280922461,22.559279356447888,0.32413175558507806,1
17780,"College Station-Bryan, TX",2024,1,2,113420.0,113250.0,6564947400.0,348,346,0.32413175558507806,394920.0,406,57968.630463576155,11.63885302156802,10.967657289137959,22.60501033248324,0.32413175558507806,1
17820,"Colorado Springs, CO",2019,0,-3,251190.0,249950.0,12736225000.0,383,376,0.32772536823912995,1046170.0,514,50955.09101820364,12.433964903866586,10.838699955507959,23.267716132349676,0.0,1
17820,"Colorado Springs, CO",2020,0,-2,242490.0,242050.0,13056629800.0,379,373,0.32772536823912995,1046170.0,514,53941.870687874405,12.398715751395999,10.895662276994733,23.292561872362572,0.0,1
17820,"Colorado Springs, CO",2021,0,-1,268970.0,268660.0,15400343300.0,445,441,0.32772536823912995,1046170.0,514,57322.79944911785,12.502355128201126,10.956453719708316,23.45765563832532,0.0,1
17820,"Colorado Springs, CO",2022,0,0,283520.0,280570.0,17248979900.0,443,435,0.32772536823912995,1046170.0,514,61478.34729301066,12.555037946398853,11.026440315264702,23.57101884244328,0.0,1
17820,"Colorado Springs, CO",2023,1,1,287490.0,286710.0,18653707000.0,440,428,0.32772536823912995,1046170.0,514,65061.23609221862,12.568943356005917,11.083084199112438,23.649310730040774,0.32772536823912995,1
17820,"Colorado Springs, CO",2024,1,2,298020.0,297370.0,20288752100.0,441,432,0.32772536823912995,1046170.0,514,68227.29966035578,12.604915877329452,11.130600052012586,23.733332485689186,0.32772536823912995,1
17860,"Columbia, MO",2019,0,-3,76750.0,74510.0,3311797900.0,233,225,0.3179290250653678,299170.0,338,44447.69695342907,11.248308665449443,10.702068427528422,21.920757051076194,0.0,1
17860,"Columbia, MO",2020,0,-2,67600.0,65940.0,3003878400.0,222,210,0.3179290250653678,299170.0,338,45554.72247497725,11.121363262031055,10.726669574042413,21.823170090668135,0.0,1
17860,"Columbia, MO",2021,0,-1,78060.0,77630.0,3686281900.0,285,282,0.3179290250653678,299170.0,338,47485.27502254283,11.265233040734605,10.768174942437533,22.027884171837258,0.0,1
17860,"Columbia, MO",2022,0,0,76760.0,76230.0,3859692000.0,276,274,0.3179290250653678,299170.0,338,50632.192050373866,11.248438950121637,10.832342859511106,22.073853224493426,0.0,1
17860,"Columbia, MO",2023,1,1,85440.0,84640.0,4695919000.0,295,293,0.3179290250653678,299170.0,338,55481.08459357278,11.355569654194023,10.923797423509003,22.26995967060113,0.3179290250653678,1
17860,"Columbia, MO",2024,1,2,95230.0,95230.0,5470018200.0,310,310,0.3179290250653678,299170.0,338,57440.07350624803,11.464050297188091,10.958497483426163,22.422547780614252,0.3179290250653678,1
17900,"Columbia, SC",2019,0,-3,350790.0,350180.0,16009189100.0,416,410,0.315749508742717,1385380.0,535,45717.028670969215,12.767943032802474,10.730226126097989,23.4964287130783,0.0,1
17900,"Columbia, SC",2020,0,-2,336890.0,336650.0,15669013800.0,403,399,0.315749508742717,1385380.0,535,46543.929303430865,12.727511746555775,10.74815186181476,23.474950955788188,0.0,1
17900,"Columbia, SC",2021,0,-1,342370.0,342370.0,16422739500.0,463,463,0.315749508742717,1385380.0,535,47967.811139994745,12.743647302588716,10.778285463686325,23.52193276627504,0.0,1
17900,"Columbia, SC",2022,0,0,355330.0,354670.0,17971562500.0,477,474,0.315749508742717,1385380.0,535,50671.22254490089,12.780802214132777,10.833113425767223,23.612056484434916,0.0,1
17900,"Columbia, SC",2023,1,1,361800.0,361010.0,19596452900.0,498,495,0.315749508742717,1385380.0,535,54282.29938228858,12.798846851943331,10.901953474552846,23.698614412315226,0.315749508742717,1
17900,"Columbia, SC",2024,1,2,366050.0,363600.0,20721947300.0,489,486,0.315749508742717,1385380.0,535,56991.05418041804,12.810525215074788,10.950649590296464,23.754459231581926,0.315749508742717,1
17980,"Columbus, GA-AL",2019,0,-3,92250.0,91920.0,3945983900.0,270,265,0.3155609723431826,380630.0,376,42928.458442123585,11.432257561902773,10.667290251934778,22.095964164457417,0.0,1
17980,"Columbus, GA-AL",2020,0,-2,87080.0,86690.0,3742637200.0,267,263,0.3155609723431826,380630.0,376,43172.65197831353,11.374582515348484,10.672962517710051,22.043056333572736,0.0,1
17980,"Columbus, GA-AL",2021,0,-1,99500.0,99410.0,4690057600.0,327,326,0.3155609723431826,380630.0,376,47178.93169701238,11.507912923146684,10.761702709572885,22.268710700779078,0.0,1
17980,"Columbus, GA-AL",2022,0,0,101800.0,101770.0,5012191300.0,319,318,0.3155609723431826,380630.0,376,49250.184730274144,11.53076538309856,10.804668397461711,22.33513904164769,0.0,1
17980,"Columbus, GA-AL",2023,1,1,102400.0,101940.0,5206317200.0,319,316,0.3155609723431826,380630.0,376,51072.368059642926,11.536641991587544,10.840998887465117,22.37313857135915,0.3155609723431826,1
17980,"Columbus, GA-AL",2024,1,2,103860.0,102480.0,5355081500.0,321,315,0.3155609723431826,380630.0,376,52254.89363778298,11.55079911739831,10.863888823580796,22.401311760151412,0.3155609723431826,1
18020,"Columbus, IN",2019,0,-3,37550.0,37310.0,1911153500.0,168,167,0.2960743275130812,144200.0,229,51223.62637362637,10.53342865719228,10.843956157200976,21.370972823416178,0.0,1
18020,"Columbus, IN",2020,0,-2,31930.0,30670.0,1585397000.0,160,151,0.2960743275130812,144200.0,229,51692.10955330942,10.371301285708828,10.853060428990306,21.184100686098603,0.0,1
18020,"Columbus, IN",2021,0,-1,36150.0,36080.0,1910366800.0,186,185,0.2960743275130812,144200.0,229,52948.08203991131,10.49543222758691,10.877067128275524,21.370561102452083,0.0,1
18020,"Columbus, IN",2022,0,0,38570.0,38460.0,2028606000.0,182,180,0.2960743275130812,144200.0,229,52745.86583463338,10.560230051202273,10.873240675463846,21.430614694606618,0.0,1
18020,"Columbus, IN",2023,1,1,39800.0,39500.0,2275704700.0,184,180,0.2960743275130812,144200.0,229,57612.777215189875,10.59162219127253,10.961499648736691,21.545555599625903,0.2960743275130812,1
18020,"Columbus, IN",2024,1,2,39950.0,39790.0,2370664600.0,192,190,0.2960743275130812,144200.0,229,59579.4068861523,10.595383951194421,10.995065271302522,21.586436174723495,0.2960743275130812,1
18140,"Columbus, OH",2019,0,-3,973010.0,971050.0,49488321600.0,513,502,0.32146685944309317,3897720.0,634,50963.721332578134,13.78814963860762,10.838869312159513,24.62500255141311,0.0,1
18140,"Columbus, OH",2020,0,-2,938010.0,936040.0,49531579500.0,500,486,0.32146685944309317,3897720.0,634,52916.09279517969,13.751515888912344,10.87646278321252,24.625876272801868,0.0,1
18140,"Columbus, OH",2021,0,-1,976790.0,976500.0,54812615100.0,572,568,0.32146685944309317,3897720.0,634,56131.71029185868,13.79202696421599,10.935456177663713,24.727186206962582,0.0,1
18140,"Columbus, OH",2022,0,0,1009910.0,1008010.0,60370827200.0,562,552,0.32146685944309317,3897720.0,634,59891.09949306058,13.825371775936116,11.000283183631662,24.823771831830825,0.0,1
18140,"Columbus, OH",2023,1,1,1015340.0,1014620.0,64054238100.0,562,557,0.32146685944309317,3897720.0,634,63131.25909207388,13.83073408973576,11.052971315596078,24.882996031718374,0.32146685944309317,1
18140,"Columbus, OH",2024,1,2,1024400.0,1023870.0,66781639400.0,562,557,0.32146685944309317,3897720.0,634,65224.725209255084,13.839617633307506,11.08559389702948,24.924694020426838,0.32146685944309317,1
18580,"Corpus Christi, TX",2019,0,-3,167080.0,165780.0,7097247000.0,320,311,0.27984178643743335,657170.0,437,42811.23778501629,12.026228018611112,10.664555912176187,22.682972799321703,0.0,1
18580,"Corpus Christi, TX",2020,0,-2,157420.0,156870.0,6933203200.0,316,309,0.27984178643743335,657170.0,437,44197.12628290941,11.966672671696442,10.696415049728374,22.65958776557866,0.0,1
18580,"Corpus Christi, TX",2021,0,-1,163180.0,163150.0,7739578300.0,383,382,0.27984178643743335,657170.0,437,47438.42047195832,12.002609164982792,10.767187737838182,22.76961303985965,0.0,1
18580,"Corpus Christi, TX",2022,0,0,169490.0,169090.0,8502214300.0,378,374,0.27984178643743335,657170.0,437,50282.18286119818,12.0405492070121,10.825406075866795,22.86359247239927,0.0,1
18580,"Corpus Christi, TX",2023,1,1,173660.0,173350.0,9279443400.0,374,371,0.27984178643743335,657170.0,437,53530.10325930199,12.064854643614636,10.887999452384296,22.951067403497465,0.27984178643743335,1
18580,"Corpus Christi, TX",2024,1,2,174350.0,174080.0,9588763000.0,381,379,0.27984178643743335,657170.0,437,55082.50804227941,12.068820052103797,10.91658748634259,22.983857728992305,0.27984178643743335,1
18700,"Corvallis, OR",2019,0,-3,24030.0,23670.0,1122133300.0,163,159,0.32408008273502564,101240.0,243,47407.405999155046,10.087058328730514,10.766533740186148,20.838497442694177,0.0,1
18700,"Corvallis, OR",2020,0,-2,22620.0,21920.0,1146076700.0,157,152,0.32408008273502564,101240.0,243,52284.52098540146,10.026589749670112,10.86445564038417,20.85961038144612,0.0,1
18700,"Corvallis, OR",2021,0,-1,26780.0,25870.0,1477441500.0,195,192,0.32408008273502564,101240.0,243,57110.22419791264,10.195410619245164,10.952738437371965,21.11357771255204,0.0,1
18700,"Corvallis, OR",2022,0,0,27810.0,26830.0,1614161800.0,201,196,0.32408008273502564,101240.0,243,60162.571748043236,10.23315094722801,11.004805706181495,21.202081649601165,0.0,1
18700,"Corvallis, OR",2023,1,1,28650.0,28490.0,1806578300.0,200,196,0.32408008273502564,101240.0,243,63410.96174096174,10.262908722142885,11.057392023602585,21.314700451094538,0.32408008273502564,1
18700,"Corvallis, OR",2024,1,2,29920.0,29280.0,1886577200.0,217,211,0.32408008273502564,101240.0,243,64432.28142076503,10.306282432088414,11.073370050799058,21.358030018874306,0.32408008273502564,1
18880,"Crestview-Fort Walton Beach-Destin, FL",2019,0,-3,95500.0,95080.0,4143043900.0,257,252,0.3127787635069393,401900.0,366,43574.29427850231,11.466881526468821,10.682222674697744,22.144696596171876,0.0,1
18880,"Crestview-Fort Walton Beach-Destin, FL",2020,0,-2,91170.0,90600.0,4192788200.0,246,242,0.3127787635069393,401900.0,366,46278.01545253863,11.42048117457895,10.742422299068792,22.156631791099862,0.0,1
18880,"Crestview-Fort Walton Beach-Destin, FL",2021,0,-1,105610.0,105530.0,5369403000.0,315,314,0.3127787635069393,401900.0,366,50880.346820809245,11.56750834274052,10.837232014437495,22.40398256610263,0.0,1
18880,"Crestview-Fort Walton Beach-Destin, FL",2022,0,0,109620.0,108970.0,5824794100.0,328,324,0.3127787635069393,401900.0,366,53453.189868771224,11.604775118600108,10.886561594163016,22.485389488133947,0.0,1
18880,"Crestview-Fort Walton Beach-Destin, FL",2023,1,1,113490.0,113190.0,6496724700.0,319,317,0.3127787635069393,401900.0,366,57396.631327855815,11.639470006295184,10.957740892917451,22.59456399454392,0.3127787635069393,1
18880,"Crestview-Fort Walton Beach-Destin, FL",2024,1,2,115500.0,115200.0,6919526500.0,311,310,0.3127787635069393,401900.0,366,60065.33420138889,11.657025808943985,11.003188152135483,22.65761317937941,0.3127787635069393,1
19100,"Dallas-Fort Worth-Arlington, TX",2019,0,-3,3361370.0,3357500.0,176084002500.0,580,573,0.32503929179404073,13759530.0,709,52444.9746835443,15.027859186932037,10.867519797671672,25.894227005051203,0.0,1
19100,"Dallas-Fort Worth-Arlington, TX",2020,0,-2,3298830.0,3284440.0,180428658000.0,588,573,0.32503929179404073,13759530.0,709,54934.37480970881,15.009078418116063,10.913894566524283,25.91860129005145,0.0,1
19100,"Dallas-Fort Worth-Arlington, TX",2021,0,-1,3440650.0,3430520.0,199306635600.0,649,641,0.32503929179404073,13759530.0,709,58098.08297284377,15.051170964988492,10.969887946991753,26.01811035814177,0.0,1
19100,"Dallas-Fort Worth-Arlington, TX",2022,0,0,3658680.0,3655280.0,224873842900.0,650,644,0.32503929179404073,13759530.0,709,61520.27830973277,15.112612984587923,11.027122128059617,26.138805383678577,0.0,1
19100,"Dallas-Fort Worth-Arlington, TX",2023,1,1,3800340.0,3796320.0,251977513300.0,653,643,0.32503929179404073,13759530.0,709,66374.15004530703,15.150601094378294,11.103062953118478,26.25260568753983,0.32503929179404073,1
19100,"Dallas-Fort Worth-Arlington, TX",2024,1,2,3834420.0,3830210.0,263024607100.0,663,652,0.32503929179404073,13759530.0,709,68671.06688667201,15.159528742753867,11.137083237924381,26.29551342786529,0.32503929179404073,1
19140,"Dalton, GA",2019,0,-3,52570.0,51800.0,2069556100.0,165,162,0.260123465243141,210300.0,246,39952.820463320466,10.869900893813494,10.595454548535173,21.450599976782748,0.0,1
19140,"Dalton, GA",2020,0,-2,47860.0,47690.0,1951150400.0,167,165,0.260123465243141,210300.0,246,40913.19773537429,10.776035361462364,10.619207972996412,21.39168498428868,0.0,1
19140,"Dalton, GA",2021,0,-1,53910.0,53910.0,2439097200.0,206,206,0.260123465243141,210300.0,246,45243.87312186978,10.895071268445715,10.719822539338917,21.614893807784632,0.0,1
19140,"Dalton, GA",2022,0,0,55960.0,55310.0,2633765000.0,206,204,0.260123465243141,210300.0,246,47618.242632435366,10.932392428779417,10.770971215379108,21.691680218367832,0.0,1
19140,"Dalton, GA",2023,1,1,57170.0,57170.0,2837946900.0,206,206,0.260123465243141,210300.0,246,49640.49151652965,10.953784564258017,10.812562140891796,21.766346705149815,0.260123465243141,1
19140,"Dalton, GA",2024,1,2,57950.0,57950.0,3045845100.0,220,220,0.260123465243141,210300.0,246,52559.88093183779,10.967335848767897,10.869708387779934,21.83704423654783,0.260123465243141,1
19300,"Daphne-Fairhope-Foley, AL",2019,0,-3,65090.0,64870.0,2377723700.0,213,210,0.2779694646237642,268420.0,288,36653.671959303225,11.083526206566432,10.509268892181616,21.589409438388717,0.0,1
19300,"Daphne-Fairhope-Foley, AL",2020,0,-2,63620.0,63260.0,2424528300.0,210,207,0.2779694646237642,268420.0,288,38326.40373063547,11.060683165303136,10.553894330091714,21.608902826951354,0.0,1
19300,"Daphne-Fairhope-Foley, AL",2021,0,-1,68360.0,68360.0,2684572100.0,242,242,0.2779694646237642,268420.0,288,39271.095669982446,11.132543137229527,10.57824404812458,21.710787185354107,0.0,1
19300,"Daphne-Fairhope-Foley, AL",2022,0,0,71350.0,71140.0,2996929900.0,250,248,0.2779694646237642,268420.0,288,42127.21253865617,11.175352622904983,10.648449189448217,21.820854234950662,0.0,1
19300,"Daphne-Fairhope-Foley, AL",2023,1,1,72840.0,72840.0,3239554200.0,254,254,0.2779694646237642,268420.0,288,44474.934102141684,11.196020533841544,10.702681030849783,21.898701564691326,0.2779694646237642,1
19300,"Daphne-Fairhope-Foley, AL",2024,1,2,76300.0,76070.0,3532918400.0,260,258,0.2779694646237642,268420.0,288,46442.99198107007,11.242428217272549,10.745980860546805,21.98539010853815,0.2779694646237642,1
19340,"Davenport-Moline-Rock Island, IA-IL",2019,0,-3,160300.0,159480.0,7492582800.0,346,341,0.2977861625834902,629370.0,467,46981.33182844244,11.984802338597644,10.75750560664979,22.73717940814508,0.0,1
19340,"Davenport-Moline-Rock Island, IA-IL",2020,0,-2,148870.0,147900.0,7262696900.0,347,338,0.2977861625834902,629370.0,467,49105.45571331981,11.910828720871104,10.801725421934105,22.706017070632996,0.0,1
19340,"Davenport-Moline-Rock Island, IA-IL",2021,0,-1,157870.0,157790.0,8099364300.0,410,409,0.2977861625834902,629370.0,467,51330.02281513404,11.969527188525772,10.846031100033775,22.81505141406349,0.0,1
19340,"Davenport-Moline-Rock Island, IA-IL",2022,0,0,162330.0,161950.0,8671694500.0,402,398,0.2977861625834902,629370.0,467,53545.5047854276,11.99738657930489,10.888287128102661,22.883330052702135,0.0,1
19340,"Davenport-Moline-Rock Island, IA-IL",2023,1,1,164110.0,163580.0,9517078800.0,410,408,0.2977861625834902,629370.0,467,58179.96576598606,12.008292213673673,10.971296343633517,22.97635378992248,0.2977861625834902,1
19340,"Davenport-Moline-Rock Island, IA-IL",2024,1,2,165200.0,164580.0,10006397000.0,414,410,0.2977861625834902,629370.0,467,60799.59290314741,12.014912140069015,11.015338372259924,23.026490425419627,0.2977861625834902,1
19460,"Decatur, AL",2019,0,-3,42260.0,42120.0,1786450800.0,185,184,0.2737807074148571,178210.0,268,42413.361823361825,10.651596291170048,10.655218728918145,21.303496695166057,0.0,1
19460,"Decatur, AL",2020,0,-2,41560.0,41300.0,1863807600.0,184,181,0.2737807074148571,178210.0,268,45128.51331719128,10.634893445213164,10.717269550049132,21.345887328998256,0.0,1
19460,"Decatur, AL",2021,0,-1,46480.0,46380.0,2199189200.0,225,224,0.2737807074148571,178210.0,268,47416.75722294092,10.746777391525793,10.766730973117047,21.51135458392657,0.0,1
19460,"Decatur, AL",2022,0,0,47910.0,47800.0,2388263000.0,230,228,0.2737807074148571,178210.0,268,49963.66108786611,10.777079529877168,10.819051241936265,21.59383216041581,0.0,1
19460,"Decatur, AL",2023,1,1,48520.0,48120.0,2568287600.0,232,227,0.2737807074148571,178210.0,268,53372.56026600166,10.789731363057987,10.885052040184148,21.666505210272764,0.2737807074148571,1
19460,"Decatur, AL",2024,1,2,50740.0,50330.0,2745748400.0,238,234,0.2737807074148571,178210.0,268,54554.90562288893,10.834469833153273,10.906962916143407,21.733319515913813,0.2737807074148571,1
19500,"Decatur, IL",2019,0,-3,34000.0,33800.0,1447765000.0,154,150,0.28543927582613643,131260.0,213,42833.28402366864,10.4341158035983,10.665070743450242,21.093286824921353,0.0,1
19500,"Decatur, IL",2020,0,-2,30850.0,30810.0,1408277400.0,149,148,0.28543927582613643,131260.0,213,45708.4518013632,10.336892029333534,10.730038500731693,21.065633092322408,0.0,1
19500,"Decatur, IL",2021,0,-1,34160.0,33660.0,1746531300.0,172,168,0.28543927582613643,131260.0,213,51887.442067736185,10.438810647902507,10.856832075863174,21.28089754360797,0.0,1
19500,"Decatur, IL",2022,0,0,32250.0,32210.0,1771537700.0,166,165,0.28543927582613643,131260.0,213,54999.61813101521,10.381273322223919,10.915081521118054,21.2951137634433,0.0,1
19500,"Decatur, IL",2023,1,1,34270.0,34070.0,1955637200.0,176,174,0.28543927582613643,131260.0,213,57400.56354564133,10.442025614868655,10.957809400127779,21.39398191078279,0.28543927582613643,1
19500,"Decatur, IL",2024,1,2,33730.0,33060.0,1946932600.0,183,179,0.28543927582613643,131260.0,213,58890.88324258923,10.426142928055697,10.983441574002223,21.38952094537724,0.28543927582613643,1
19660,"Deltona-Daytona Beach-Ormond Beach, FL",2019,0,-3,173850.0,170670.0,6803738600.0,305,299,0.2961884809686331,713450.0,441,39864.87724849124,12.065948137436008,10.593250945751905,22.640738092164707,0.0,1
19660,"Deltona-Daytona Beach-Ormond Beach, FL",2020,0,-2,166210.0,165410.0,6875576900.0,301,296,0.2961884809686331,713450.0,441,41566.87564234327,12.021007328065156,10.635058870469576,22.65124138970584,0.0,1
19660,"Deltona-Daytona Beach-Ormond Beach, FL",2021,0,-1,179740.0,179330.0,7879849700.0,382,380,0.2961884809686331,713450.0,441,43940.49907990855,12.099266641212365,10.690591704087765,22.787574667030235,0.0,1
19660,"Deltona-Daytona Beach-Ormond Beach, FL",2022,0,0,193650.0,193350.0,9046074300.0,405,404,0.2961884809686331,713450.0,441,46786.00620636152,12.173807684942899,10.75333942450795,22.925596721543393,0.0,1
19660,"Deltona-Daytona Beach-Ormond Beach, FL",2023,1,1,194760.0,194170.0,9835743600.0,383,377,0.2961884809686331,713450.0,441,50655.320595354584,12.179523310296638,10.832799550464978,23.009288893453476,0.2961884809686331,1
19660,"Deltona-Daytona Beach-Ormond Beach, FL",2024,1,2,203470.0,202750.0,11014028000.0,377,373,0.2961884809686331,713450.0,441,54323.19605425401,12.223273852849948,10.902706598024805,23.122435570002462,0.2961884809686331,1
19780,"Des Moines-West Des Moines, IA",2019,0,-3,335470.0,334250.0,17516525900.0,417,406,0.3348048427385353,1346100.0,547,52405.4626776365,12.723287812617833,10.86676611444874,23.58641060941293,0.0,1
19780,"Des Moines-West Des Moines, IA",2020,0,-2,320210.0,319160.0,17344485000.0,414,408,0.3348048427385353,1346100.0,547,54344.16906880561,12.676732309538039,10.903092601951341,23.576540425373558,0.0,1
19780,"Des Moines-West Des Moines, IA",2021,0,-1,339580.0,337430.0,19278065100.0,484,476,0.3348048427385353,1346100.0,547,57132.04249770323,12.735464838870003,10.953120402833381,23.682233763208803,0.0,1
19780,"Des Moines-West Des Moines, IA",2022,0,0,350840.0,350020.0,20821740500.0,477,468,0.3348048427385353,1346100.0,547,59487.28786926461,12.768085558065318,10.99351791945141,23.75926349414156,0.0,1
19780,"Des Moines-West Des Moines, IA",2023,1,1,361220.0,360520.0,22516014300.0,481,474,0.3348048427385353,1346100.0,547,62454.27243980917,12.797242469977654,11.04218992698157,23.837492639651916,0.3348048427385353,1
19780,"Des Moines-West Des Moines, IA",2024,1,2,382910.0,381680.0,24757452700.0,480,470,0.3348048427385353,1346100.0,547,64864.42229092433,12.855555253603855,11.080054559635757,23.932392399825744,0.3348048427385353,1
19820,"Detroit-Warren-Dearborn, MI",2019,0,-3,1795880.0,1789970.0,97239411900.0,550,540,0.31852430988528996,6860410.0,671,54324.60426711062,14.401005710467285,10.902732520553425,25.30044193845338,0.0,1
19820,"Detroit-Warren-Dearborn, MI",2020,0,-2,1608770.0,1606950.0,92066525900.0,526,517,0.31852430988528996,6860410.0,671,57292.71346339338,14.290980469827629,10.955928729928992,25.245777260287806,0.0,1
19820,"Detroit-Warren-Dearborn, MI",2021,0,-1,1702250.0,1700980.0,100660366100.0,613,609,0.31852430988528996,6860410.0,671,59177.8657597385,14.347461463345214,10.988302861764499,25.33501797528384,0.0,1
19820,"Detroit-Warren-Dearborn, MI",2022,0,0,1753510.0,1749590.0,109046802100.0,621,608,0.31852430988528996,6860410.0,671,62327.06068278854,14.377130051426063,11.040150971347597,25.415043004083824,0.0,1
19820,"Detroit-Warren-Dearborn, MI",2023,1,1,1783890.0,1781610.0,115467357600.0,622,613,0.31852430988528996,6860410.0,671,64810.68112549885,14.394306931028261,11.07922570094066,25.472253708782397,0.31852430988528996,1
19820,"Detroit-Warren-Dearborn, MI",2024,1,2,1787500.0,1785630.0,120543366000.0,617,608,0.31852430988528996,6860410.0,671,67507.47131264595,14.3963285535503,11.11999355684864,25.5152754089519,0.31852430988528996,1
20020,"Dothan, AL",2019,0,-3,46110.0,45870.0,1743531800.0,180,175,0.2839204608667131,190880.0,266,38010.28558971005,10.738785125200751,10.545612075496505,21.279178663087723,0.0,1
20020,"Dothan, AL",2020,0,-2,45400.0,45180.0,1777930500.0,190,185,0.2839204608667131,190880.0,266,39352.158034528555,10.72326738402944,10.580306094388249,21.298715884410242,0.0,1
20020,"Dothan, AL",2021,0,-1,48220.0,47850.0,1940704500.0,222,219,0.2839204608667131,190880.0,266,40558.08777429467,10.783529151735163,10.6104904915495,21.386316888430603,0.0,1
20020,"Dothan, AL",2022,0,0,51150.0,50890.0,2158095600.0,230,227,0.2839204608667131,190880.0,266,42407.06622126154,10.842517771379773,10.655070283496283,21.49249200307916,0.0,1
20020,"Dothan, AL",2023,1,1,52640.0,52600.0,2368782000.0,233,232,0.2839204608667131,190880.0,266,45033.8783269962,10.8712315659992,10.71517033721279,21.58564173593859,0.2839204608667131,1
20020,"Dothan, AL",2024,1,2,52400.0,52110.0,2437584400.0,235,231,0.2839204608667131,190880.0,266,46777.67031279985,10.866661870309134,10.753161237974588,21.614273385877848,0.2839204608667131,1
20100,"Dover, DE",2019,0,-3,48210.0,47070.0,2034675000.0,193,182,0.3074445262202115,199530.0,292,43226.57743785851,10.783321747399668,10.67421080353185,21.433601937927037,0.0,1
20100,"Dover, DE",2020,0,-2,44180.0,42080.0,1870663300.0,175,158,0.3074445262202115,199530.0,292,44454.92633079848,10.696027476974109,10.702231063390409,21.349558910802,0.0,1
20100,"Dover, DE",2021,0,-1,52670.0,50520.0,2416617300.0,250,240,0.3074445262202115,199530.0,292,47834.86342042755,10.871801312477436,10.775510012885604,21.605634589350032,0.0,1
20100,"Dover, DE",2022,0,0,54470.0,53320.0,2703393000.0,241,232,0.3074445262202115,199530.0,292,50701.29407351838,10.90540537037772,10.833706713386052,21.7177734876787,0.0,1
20100,"Dover, DE",2023,1,1,55500.0,54560.0,3024899000.0,245,235,0.3074445262202115,199530.0,292,55441.697214076245,10.924138299734526,10.923087246924714,21.83014353944206,0.3074445262202115,1
20100,"Dover, DE",2024,1,2,56780.0,56100.0,3150174700.0,246,239,0.3074445262202115,199530.0,292,56152.84670231729,10.946939430026962,10.935832657052758,21.870723748563545,0.3074445262202115,1
20220,"Dubuque, IA",2019,0,-3,47200.0,45380.0,2066807900.0,211,209,0.3076015240484384,188960.0,288,45544.4667254297,10.762149171573647,10.726444418370209,21.44927117670404,0.0,1
20220,"Dubuque, IA",2020,0,-2,43770.0,41640.0,1915373500.0,202,199,0.3076015240484384,188960.0,288,45998.40297790586,10.68670393018494,10.73636195699694,21.373178479725848,0.0,1
20220,"Dubuque, IA",2021,0,-1,48770.0,48770.0,2434125600.0,250,250,0.3076015240484384,188960.0,288,49910.305515685875,10.794870648704098,10.817982783777035,21.612853432481135,0.0,1
20220,"Dubuque, IA",2022,0,0,49220.0,49170.0,2599252500.0,248,247,0.3076015240484384,188960.0,288,52862.568639414276,10.804055323945047,10.875450780231814,21.6784897406378,0.0,1
20220,"Dubuque, IA",2023,1,1,49540.0,49420.0,2789954300.0,241,239,0.3076015240484384,188960.0,288,56453.951841359776,10.810535703043351,10.941180573174616,21.74929105271722,0.3076015240484384,1
20220,"Dubuque, IA",2024,1,2,49590.0,49210.0,2814630600.0,243,240,0.3076015240484384,188960.0,288,57196.31375736639,10.81154447948318,10.954244730489947,21.75809686434997,0.3076015240484384,1
20260,"Duluth, MN-WI",2019,0,-3,113400.0,112940.0,5318582100.0,331,324,0.29137392013894975,436250.0,432,47092.1028864884,11.638676670275789,10.759860598993297,22.394472582220125,0.0,1
20260,"Duluth, MN-WI",2020,0,-2,102930.0,102250.0,5065532700.0,317,311,0.29137392013894975,436250.0,432,49540.662102689486,11.541804424520604,10.810549067965939,22.345725141870986,0.0,1
20260,"Duluth, MN-WI",2021,0,-1,108800.0,108800.0,5686433300.0,373,373,0.29137392013894975,436250.0,432,52265.01194852941,11.59726661340398,10.86408243858114,22.461349051985117,0.0,1
20260,"Duluth, MN-WI",2022,0,0,111120.0,111080.0,6040297600.0,376,375,0.29137392013894975,436250.0,432,54377.90421317969,11.618365977428226,10.903713177781777,22.521719119202512,0.0,1
20260,"Duluth, MN-WI",2023,1,1,113280.0,112770.0,6500214300.0,379,371,0.29137392013894975,436250.0,432,57641.3434424049,11.637617908927547,10.961995357308965,22.5951009825353,0.29137392013894975,1
20260,"Duluth, MN-WI",2024,1,2,113770.0,113550.0,6656925700.0,363,361,0.29137392013894975,436250.0,432,58625.50154117129,11.641934145533762,10.97892506078527,22.618923608318976,0.29137392013894975,1
20500,"Durham-Chapel Hill, NC",2019,0,-3,268010.0,265940.0,15732364300.0,382,377,0.35372476543042747,1077490.0,499,59157.5705046251,12.4987795722297,10.98795984946061,23.478985847871307,0.0,1
20500,"Durham-Chapel Hill, NC",2020,0,-2,259210.0,257560.0,15759775600.0,365,360,0.35372476543042747,1077490.0,499,61188.754464979036,12.465393822962971,11.021718701043975,23.480726682696094,0.0,1
20500,"Durham-Chapel Hill, NC",2021,0,-1,275310.0,273620.0,18332917500.0,414,405,0.35372476543042747,1077490.0,499,67001.37965061034,12.525653014481168,11.11246848996125,23.631964051435354,0.0,1
20500,"Durham-Chapel Hill, NC",2022,0,0,274960.0,273650.0,18972853700.0,421,413,0.35372476543042747,1077490.0,499,69332.55508861685,12.524380911523716,11.146669845268937,23.666275041841,0.0,1
20500,"Durham-Chapel Hill, NC",2023,1,1,283390.0,281040.0,20565868600.0,424,412,0.35372476543042747,1077490.0,499,73177.72772559067,12.554579319801055,11.200646387607256,23.746898674546962,0.35372476543042747,1
20500,"Durham-Chapel Hill, NC",2024,1,2,302380.0,287250.0,21446080700.0,425,417,0.35372476543042747,1077490.0,499,74659.98503046128,12.619439783534192,11.22069955196576,23.78880774767676,0.35372476543042747,1
20740,"Eau Claire, WI",2019,0,-3,68550.0,68280.0,2995529100.0,246,244,0.2955706278138719,277780.0,345,43871.252196836555,11.13531868499046,10.689014537104548,21.820386714012926,0.0,1
20740,"Eau Claire, WI",2020,0,-2,65620.0,65560.0,2961519100.0,242,241,0.2955706278138719,277780.0,345,45172.65253203172,11.091635806515093,10.718247150237138,21.808968183094905,0.0,1
20740,"Eau Claire, WI",2021,0,-1,70250.0,70210.0,3498751300.0,291,290,0.2955706278138719,277780.0,345,49832.663438256655,11.159815587195991,10.816425940343846,21.97567197035514,0.0,1
20740,"Eau Claire, WI",2022,0,0,73360.0,73010.0,3754947300.0,290,288,0.2955706278138719,277780.0,345,51430.58896041638,11.203134106930346,10.847988390393386,22.046340087443518,0.0,1
20740,"Eau Claire, WI",2023,1,1,75450.0,75300.0,4228685000.0,295,294,0.2955706278138719,277780.0,345,56157.83532536521,11.231225464195996,10.935921493180564,22.165156906968548,0.2955706278138719,1
20740,"Eau Claire, WI",2024,1,2,76180.0,75940.0,4370517500.0,300,298,0.2955706278138719,277780.0,345,57552.24519357387,11.240854240032595,10.96044842630953,22.198147260095322,0.2955706278138719,1
20940,"El Centro, CA",2019,0,-3,46460.0,46410.0,1980914700.0,172,171,0.2573910397619773,197120.0,244,42682.928248222364,10.7463470063244,10.661554312439455,21.406824544674677,0.0,1
20940,"El Centro, CA",2020,0,-2,45840.0,45200.0,2097410900.0,168,167,0.2573910397619773,197120.0,244,46402.89601769912,10.732912351388622,10.745117150441214,21.463969516261535,0.0,1
20940,"El Centro, CA",2021,0,-1,50740.0,50700.0,2568270800.0,207,206,0.2573910397619773,197120.0,244,50656.22879684418,10.834469833153273,10.832817479348606,21.66649866892788,0.0,1
20940,"El Centro, CA",2022,0,0,54080.0,54080.0,2896658100.0,206,206,0.2573910397619773,197120.0,244,53562.464866863906,10.898219710716846,10.888603819412058,21.786823530128906,0.0,1
20940,"El Centro, CA",2023,1,1,52160.0,52160.0,2951915000.0,210,210,0.2573910397619773,197120.0,244,56593.462423312885,10.862071196600535,10.943648752631606,21.80571994923214,0.2573910397619773,1
20940,"El Centro, CA",2024,1,2,54720.0,54720.0,3239146600.0,209,209,0.2573910397619773,197120.0,244,59194.930555555555,10.909984552296432,10.988591184697917,21.89857573699435,0.2573910397619773,1
21140,"Elkhart-Goshen, IN",2019,0,-3,103430.0,103150.0,4535175400.0,245,242,0.2419668344872481,419500.0,336,43966.79980610761,11.546650334371849,10.69119007822318,22.23512959672258,0.0,1
21140,"Elkhart-Goshen, IN",2020,0,-2,95740.0,95220.0,4338926100.0,232,227,0.2419668344872481,419500.0,336,45567.38185255198,11.4693914629465,10.726947429294981,22.19089271204349,0.0,1
21140,"Elkhart-Goshen, IN",2021,0,-1,107630.0,107550.0,5299304800.0,284,283,0.2419668344872481,419500.0,336,49272.940957694096,11.586454698258343,10.805130344393778,22.390841479089655,0.0,1
21140,"Elkhart-Goshen, IN",2022,0,0,112700.0,112700.0,5926074600.0,295,295,0.2419668344872481,419500.0,336,52582.738243123335,11.632484700027868,10.870143174583324,22.502627874611193,0.0,1
21140,"Elkhart-Goshen, IN",2023,1,1,110130.0,109930.0,6064569900.0,307,305,0.2419668344872481,419500.0,336,55167.56026562358,11.60941676515899,10.918130383168359,22.525729461741268,0.2419668344872481,1
21140,"Elkhart-Goshen, IN",2024,1,2,101820.0,101540.0,5856209000.0,306,303,0.2419668344872481,419500.0,336,57673.91175891274,11.530961827456327,10.962560214357877,22.490768302859262,0.2419668344872481,1
21300,"Elmira, NY",2019,0,-3,25890.0,25830.0,1159426400.0,157,156,0.28857028198734225,101230.0,213,44886.81378242354,10.161612072745584,10.71189935091926,20.871191237009146,0.0,1
21300,"Elmira, NY",2020,0,-2,24430.0,24300.0,1140897800.0,143,141,0.28857028198734225,101230.0,213,46950.52674897119,10.103567164251785,10.75684970393388,20.855081333262522,0.0,1
21300,"Elmira, NY",2021,0,-1,24950.0,24950.0,1257232100.0,167,167,0.28857028198734225,101230.0,213,50390.06412825651,10.124629101179664,10.827549294312384,20.952178395492048,0.0,1
21300,"Elmira, NY",2022,0,0,25960.0,25960.0,1344847000.0,171,171,0.28857028198734225,101230.0,213,51804.583975346686,10.164312170818027,10.855233918064796,21.019546088882823,0.0,1
21300,"Elmira, NY",2023,1,1,25830.0,25770.0,1402510700.0,169,168,0.28857028198734225,101230.0,213,54424.16375630578,10.159291886089886,10.904563520919124,21.061529824565536,0.28857028198734225,1
21300,"Elmira, NY",2024,1,2,27340.0,27340.0,1589123700.0,184,184,0.28857028198734225,101230.0,213,58124.49524506218,10.216106110277941,10.970342458896033,21.186448569173972,0.28857028198734225,1
21340,"El Paso, TX",2019,0,-3,278680.0,278060.0,10910180600.0,353,348,0.302492419323146,1128110.0,492,39236.78558584478,12.537819449144056,10.577369993551379,23.112962190274914,0.0,1
21340,"El Paso, TX",2020,0,-2,265840.0,265170.0,10640368300.0,350,343,0.302492419323146,1128110.0,492,40126.59162046989,12.490649903028476,10.599794526199387,23.08792093492249,0.0,1
21340,"El Paso, TX",2021,0,-1,284680.0,284440.0,11841175600.0,438,436,0.302492419323146,1128110.0,492,41629.78343411616,12.559121021413208,10.636571138016377,23.194848752013833,0.0,1
21340,"El Paso, TX",2022,0,0,298910.0,298520.0,13192431100.0,434,432,0.302492419323146,1128110.0,492,44192.788087900306,12.607897803717742,10.696316889320743,23.302909100566065,0.0,1
21340,"El Paso, TX",2023,1,1,305940.0,305890.0,14438792600.0,449,448,0.302492419323146,1128110.0,492,47202.56497433718,12.631144283277257,10.762203512773771,23.393184351956716,0.302492419323146,1
21340,"El Paso, TX",2024,1,2,313840.0,313570.0,15674818300.0,448,446,0.302492419323146,1128110.0,492,49988.25876199891,12.656638580883435,10.81954343207461,23.47532133169167,0.302492419323146,1
21420,"Enid, OK",2019,0,-3,17200.0,17020.0,708219400.0,117,116,0.27666366568659134,66680.0,157,41611.01057579318,9.752664662801545,10.636120088531218,20.378264490658584,0.0,1
21420,"Enid, OK",2020,0,-2,15490.0,15430.0,630047700.0,108,107,0.27666366568659134,66680.0,157,40832.644199611146,9.647949933410914,10.617237143412178,20.261306088769384,0.0,1
21420,"Enid, OK",2021,0,-1,16800.0,16800.0,736727100.0,126,126,0.27666366568659134,66680.0,157,43852.80357142857,9.72913416539135,10.688593931250923,20.41772809664227,0.0,1
21420,"Enid, OK",2022,0,0,17190.0,17110.0,753828200.0,128,127,0.27666366568659134,66680.0,157,44057.75569842198,9.752083098376895,10.693256681665018,20.440675048551256,0.0,1
21420,"Enid, OK",2023,1,1,17760.0,17590.0,815175800.0,129,127,0.27666366568659134,66680.0,157,46343.138146674246,9.784704016546161,10.743828515733915,20.51891435346552,0.27666366568659134,1
21420,"Enid, OK",2024,1,2,17980.0,17900.0,846343200.0,135,133,0.27666366568659134,66680.0,157,47281.74301675978,9.79701530802561,10.763879517237164,20.55643550906601,0.27666366568659134,1
21500,"Erie, PA",2019,0,-3,107210.0,105890.0,4320503200.0,304,289,0.2813861451513762,415290.0,391,40801.80564736991,11.582544806850285,10.616481615475971,22.18663771390047,0.0,1
21500,"Erie, PA",2020,0,-2,99210.0,97690.0,4191377600.0,281,267,0.2813861451513762,415290.0,391,42904.878697921995,11.504994094643948,10.666740821012473,22.15629529965946,0.0,1
21500,"Erie, PA",2021,0,-1,103120.0,103030.0,4716862900.0,321,320,0.2813861451513762,415290.0,391,45781.451033679514,11.54364863761307,10.731634288803285,22.2744097757424,0.0,1
21500,"Erie, PA",2022,0,0,105750.0,105450.0,5003217300.0,332,328,0.2813861451513762,415290.0,391,47446.34708392603,11.568833096908524,10.76735481654197,22.33334700244889,0.0,1
21500,"Erie, PA",2023,1,1,106140.0,105730.0,5323234000.0,325,323,0.2813861451513762,415290.0,391,50347.432138465905,11.572514256381886,10.826702896617075,22.395346850343646,0.2813861451513762,1
21500,"Erie, PA",2024,1,2,107550.0,107430.0,5715070000.0,330,328,0.2813861451513762,415290.0,391,53198.08247230755,11.585711134695876,10.881777630926527,22.466372382587114,0.2813861451513762,1
22020,"Fargo, ND-MN",2019,0,-3,123590.0,122110.0,6007326800.0,338,320,0.3096530454065738,494260.0,433,49196.02653345344,11.724724914583781,10.803568137703838,22.516245694530905,0.0,1
22020,"Fargo, ND-MN",2020,0,-2,117740.0,117670.0,6081415800.0,329,327,0.3096530454065738,494260.0,433,51681.95631851789,11.676234082582253,10.852863992200508,22.52850336765848,0.0,1
22020,"Fargo, ND-MN",2021,0,-1,125030.0,124980.0,6616422900.0,372,371,0.3096530454065738,494260.0,433,52939.85357657225,11.736308987489044,10.876911709939947,22.61282071342302,0.0,1
22020,"Fargo, ND-MN",2022,0,0,127900.0,127670.0,7104779300.0,380,375,0.3096530454065738,494260.0,433,55649.55980261612,11.759003987566935,10.926829446566675,22.684033535381072,0.0,1
22020,"Fargo, ND-MN",2023,1,1,133010.0,132630.0,7814937600.0,378,373,0.3096530454065738,494260.0,433,58922.850033928975,11.798179592347342,10.983984240654662,22.77930281614306,0.3096530454065738,1
22020,"Fargo, ND-MN",2024,1,2,134760.0,134370.0,8275556400.0,383,377,0.3096530454065738,494260.0,433,61587.827640098236,11.811250697520489,11.028219526750359,22.836571994619813,0.3096530454065738,1
22140,"Farmington, NM",2019,0,-3,38960.0,38630.0,1672947600.0,175,168,0.26252927081340754,148070.0,235,43306.95314522392,10.57029075775647,10.676068481819984,21.237852937480312,0.0,1
22140,"Farmington, NM",2020,0,-2,35930.0,35850.0,1565796100.0,167,166,0.26252927081340754,148070.0,235,43676.320781032075,10.489327880107565,10.684561375667661,21.17166022169543,0.0,1
22140,"Farmington, NM",2021,0,-1,35290.0,35080.0,1623708100.0,186,184,0.26252927081340754,148070.0,235,46285.8637400228,10.471354916669316,10.74259187466505,21.20797832115117,0.0,1
22140,"Farmington, NM",2022,0,0,37890.0,37660.0,1793047600.0,194,192,0.26252927081340754,148070.0,235,47611.4604354753,10.542442504012646,10.770828776691323,21.307182578902466,0.0,1
22140,"Farmington, NM",2023,1,1,39580.0,39420.0,1974104400.0,189,188,0.26252927081340754,148070.0,235,50078.75190258752,10.586079219156558,10.821352083390487,21.4033806640972,0.26252927081340754,1
22140,"Farmington, NM",2024,1,2,39650.0,39440.0,2037469200.0,197,195,0.26252927081340754,148070.0,235,51659.96957403651,10.587846227062993,10.852438477684046,21.434974286400617,0.26252927081340754,1
22180,"Fayetteville, NC",2019,0,-3,108430.0,108010.0,4485377400.0,279,276,0.2987099040434681,436060.0,375,41527.42709008425,11.593860082466227,10.634109381661668,22.224088476074186,0.0,1
22180,"Fayetteville, NC",2020,0,-2,102510.0,101820.0,4393206000.0,267,260,0.2987099040434681,436060.0,375,43146.788450206244,11.537715633777447,10.672363266168269,22.203325093624596,0.0,1
22180,"Fayetteville, NC",2021,0,-1,110060.0,109720.0,5085797500.0,310,306,0.2987099040434681,436060.0,375,46352.51093693037,11.608780950613749,10.744030742923231,22.34971768797477,0.0,1
22180,"Fayetteville, NC",2022,0,0,115060.0,114610.0,5636924100.0,321,315,0.2987099040434681,436060.0,375,49183.52761539133,11.653209010417285,10.803314041855621,22.452604381346365,0.0,1
22180,"Fayetteville, NC",2023,1,1,116880.0,116630.0,6030694800.0,315,312,0.2987099040434681,436060.0,375,51707.92077510075,11.668903046424582,10.853366255243245,22.52012806492834,0.2987099040434681,1
22180,"Fayetteville, NC",2024,1,2,119220.0,119160.0,6657568000.0,319,318,0.2987099040434681,436060.0,375,55870.82913729439,11.688725804773917,10.93079768281729,22.619020089644508,0.2987099040434681,1
22380,"Flagstaff, AZ",2019,0,-3,47840.0,47170.0,1933852600.0,199,195,0.28756954228698633,188230.0,280,40997.51112995548,10.775617388624513,10.621266639696445,21.382780015974753,0.0,1
22380,"Flagstaff, AZ",2020,0,-2,42260.0,41750.0,1864613900.0,195,190,0.28756954228698633,188230.0,280,44661.41077844311,10.651596291170048,10.70686511420205,21.34631984448105,0.0,1
22380,"Flagstaff, AZ",2021,0,-1,47940.0,46520.0,2236744200.0,226,225,0.28756954228698633,188230.0,280,48081.345657781596,10.777705507988376,10.780649556708068,21.528287163340668,0.0,1
22380,"Flagstaff, AZ",2022,0,0,50190.0,50150.0,2461482500.0,226,225,0.28756954228698633,188230.0,280,49082.40279162512,10.823571082648979,10.80125585426109,21.62402964765117,0.0,1
22380,"Flagstaff, AZ",2023,1,1,53170.0,53170.0,2840098600.0,232,232,0.28756954228698633,188230.0,280,53415.43351514012,10.881249606498384,10.885855000328334,21.767104606826717,0.28756954228698633,1
22380,"Flagstaff, AZ",2024,1,2,56570.0,54540.0,2988647500.0,240,236,0.28756954228698633,188230.0,280,54797.350568390175,10.943234088337201,10.911397124475188,21.81808678087477,0.28756954228698633,1
22420,"Flint, MI",2019,0,-3,116810.0,111970.0,5086606700.0,262,246,0.2963419572560067,441270.0,358,45428.29954452085,11.668303962149741,10.723890527820053,22.349876785074297,0.0,1
22420,"Flint, MI",2020,0,-2,101450.0,97430.0,4514988000.0,245,235,0.2963419572560067,441270.0,358,46340.8395771323,11.527321345253961,10.743778915585132,22.23066836600452,0.0,1
22420,"Flint, MI",2021,0,-1,108640.0,107770.0,5441053900.0,302,300,0.2963419572560067,441270.0,358,50487.64869629767,11.595794942792523,10.829484005077486,22.417238610668363,0.0,1
22420,"Flint, MI",2022,0,0,114370.0,113720.0,5920105400.0,324,318,0.2963419572560067,441270.0,358,52058.61238128737,11.647194085775263,10.860125523972954,22.50162008973789,0.0,1
22420,"Flint, MI",2023,1,1,116570.0,116470.0,6402895300.0,316,314,0.2963419572560067,441270.0,358,54974.63123551129,11.666247229913878,10.914627107542552,22.58001611563925,0.2963419572560067,1
22420,"Flint, MI",2024,1,2,116850.0,116330.0,6543336400.0,312,308,0.2963419572560067,441270.0,358,56248.05639130061,11.668646339967005,10.937526766426151,22.601713025236965,0.2963419572560067,1
22500,"Florence, SC",2019,0,-3,76220.0,75350.0,3182847700.0,248,242,0.2907666415526972,299620.0,328,42240.845388188456,11.241379174427852,10.651142932104783,21.881042136159426,0.0,1
22500,"Florence, SC",2020,0,-2,70950.0,70520.0,3111319900.0,223,218,0.2907666415526972,299620.0,328,44119.68094157686,11.169730682588188,10.694661241736052,21.858312878247858,0.0,1
22500,"Florence, SC",2021,0,-1,75000.0,74900.0,3294846800.0,264,262,0.2907666415526972,299620.0,328,43989.943925233645,11.225243392518447,10.691716339625737,21.915625509131047,0.0,1
22500,"Florence, SC",2022,0,0,77450.0,77410.0,3700021500.0,277,276,0.2907666415526972,299620.0,328,47797.71993282522,11.257387845845015,10.77473321719176,22.03160446739052,0.0,1
22500,"Florence, SC",2023,1,1,79090.0,78920.0,4066321400.0,277,276,0.2907666415526972,299620.0,328,51524.5995945261,11.278341723513464,10.849814634637267,22.12600459477382,0.2907666415526972,1
22500,"Florence, SC",2024,1,2,80670.0,80470.0,4271233900.0,273,272,0.2907666415526972,299620.0,328,53078.58705107494,11.29812203793102,10.879528868858142,22.175168591998318,0.2907666415526972,1
22520,"Florence-Muscle Shoals, AL",2019,0,-3,44290.0,44200.0,1671965500.0,185,183,0.2794492743704428,174700.0,254,37827.27375565611,10.698514196917245,10.540785649358956,21.237265717424744,0.0,1
22520,"Florence-Muscle Shoals, AL",2020,0,-2,41310.0,41230.0,1639557500.0,181,179,0.2794492743704428,174700.0,254,39766.12903225807,10.62885988039081,10.590770799601227,21.217692225302173,0.0,1
22520,"Florence-Muscle Shoals, AL",2021,0,-1,43720.0,43720.0,1783804400.0,210,210,0.2794492743704428,174700.0,254,40800.64958828911,10.685560942290476,10.616453281547107,21.30201422383758,0.0,1
22520,"Florence-Muscle Shoals, AL",2022,0,0,45380.0,45210.0,1944449700.0,209,208,0.2794492743704428,174700.0,254,43009.28334439283,10.722826758333833,10.669171263104499,21.38824484339315,0.0,1
22520,"Florence-Muscle Shoals, AL",2023,1,1,46450.0,45970.0,2086011900.0,212,209,0.2794492743704428,174700.0,254,45377.678921035455,10.746131744241984,10.722775609406433,21.458519898206706,0.2794492743704428,1
22520,"Florence-Muscle Shoals, AL",2024,1,2,47460.0,47320.0,2244982500.0,215,213,0.2794492743704428,174700.0,254,47442.5718512257,10.767642529989754,10.767275244917702,21.531963563010024,0.2794492743704428,1
22540,"Fond du Lac, WI",2019,0,-3,31230.0,31110.0,1385566700.0,165,162,0.27689597339548316,133150.0,245,44537.6631308261,10.349134450277123,10.704090472682037,21.04937506257372,0.0,1
22540,"Fond du Lac, WI",2020,0,-2,30410.0,29980.0,1414622500.0,154,150,0.27689597339548316,133150.0,245,47185.54036024016,10.32252678067141,10.761842776339424,21.070128547996013,0.0,1
22540,"Fond du Lac, WI",2021,0,-1,36020.0,35880.0,1832254000.0,209,207,0.27689597339548316,133150.0,245,51066.16499442586,10.491829618729946,10.840877423703319,21.32881273987605,0.0,1
22540,"Fond du Lac, WI",2022,0,0,35490.0,35490.0,1869637700.0,199,199,0.27689597339548316,133150.0,245,52680.69033530572,10.477006245640542,10.872004260086195,21.34901050572674,0.0,1
22540,"Fond du Lac, WI",2023,1,1,36540.0,36410.0,2041512800.0,206,205,0.27689597339548316,133150.0,245,56070.1126064268,10.506162829931998,10.934358197434353,21.43695693860383,0.27689597339548316,1
22540,"Fond du Lac, WI",2024,1,2,35640.0,35510.0,2056085500.0,197,195,0.27689597339548316,133150.0,245,57901.59110109828,10.481223881584746,10.966500143340651,21.444069769277785,0.27689597339548316,1
22900,"Fort Smith, AR-OK",2019,0,-3,91060.0,90840.0,3570409900.0,271,268,0.27215938266080386,369190.0,353,39304.38022897402,11.419273908888773,10.579091247854562,21.995946244074055,0.0,1
22900,"Fort Smith, AR-OK",2020,0,-2,88450.0,88410.0,3502493100.0,261,260,0.27215938266080386,369190.0,353,39616.481167288766,11.390192699587931,10.587000501752232,21.97674086615208,0.0,1
22900,"Fort Smith, AR-OK",2021,0,-1,93470.0,93250.0,3866042100.0,309,307,0.27215938266080386,369190.0,353,41458.896514745305,11.44539580817663,10.632457769975783,22.075497107481844,0.0,1
22900,"Fort Smith, AR-OK",2022,0,0,96210.0,96210.0,4194055500.0,308,308,0.27215938266080386,369190.0,353,43592.71905207359,11.47428858135531,10.682645421173543,22.156934002528853,0.0,1
22900,"Fort Smith, AR-OK",2023,1,1,96980.0,96690.0,4446276300.0,320,316,0.27215938266080386,369190.0,353,45984.86192987899,11.482260050659344,10.736067532828844,22.215332796306438,0.27215938266080386,1
22900,"Fort Smith, AR-OK",2024,1,2,87070.0,86930.0,4193882400.0,287,285,0.27215938266080386,369190.0,353,48244.36213044979,11.37446767182266,10.784034252902675,22.156892728975784,0.27215938266080386,1
23060,"Fort Wayne, IN",2019,0,-3,191840.0,190460.0,8640373400.0,367,351,0.28798159379095056,761730.0,490,45365.81644439777,12.16441697026134,10.722514158673079,22.879711636421113,0.0,1
23060,"Fort Wayne, IN",2020,0,-2,180640.0,179170.0,8310553700.0,373,355,0.28798159379095056,761730.0,490,46383.622816319694,12.10426137938349,10.74470171936569,22.840792074159634,0.0,1
23060,"Fort Wayne, IN",2021,0,-1,190770.0,190710.0,9581156400.0,432,431,0.28798159379095056,761730.0,490,50239.40223375806,12.158823792929564,10.824554902857882,22.983064131456445,0.0,1
23060,"Fort Wayne, IN",2022,0,0,198480.0,197230.0,9960896400.0,430,425,0.28798159379095056,761730.0,490,50503.96187192618,12.198443618365683,10.829807065095611,23.021932904493163,0.0,1
23060,"Fort Wayne, IN",2023,1,1,202680.0,202330.0,11080531000.0,435,431,0.28798159379095056,761730.0,490,54764.646864034,12.219383659589846,10.910800134531707,23.128455441304947,0.28798159379095056,1
23060,"Fort Wayne, IN",2024,1,2,205180.0,204460.0,11711084500.0,437,431,0.28798159379095056,761730.0,490,57278.12041475105,12.231642921641704,10.955673987107852,23.18380162341886,0.28798159379095056,1
23420,"Fresno, CA",2019,0,-3,340830.0,339650.0,16239331700.0,396,390,0.27237159314178505,1384020.0,528,47811.95848667746,12.73913909823206,10.775031064735916,23.510702019355364,0.0,1
23420,"Fresno, CA",2020,0,-2,326470.0,325310.0,16489553700.0,392,382,0.27237159314178505,1384020.0,528,50688.7390489072,12.696093339862976,10.833459055420299,23.52599290826385,0.0,1
23420,"Fresno, CA",2021,0,-1,346310.0,346160.0,18595928200.0,462,460,0.27237159314178505,1384020.0,528,53720.61532239427,12.755089606670095,10.891552104823143,23.64620847972191,0.0,1
23420,"Fresno, CA",2022,0,0,370410.0,370050.0,20884789600.0,476,469,0.27237159314178505,1384020.0,528,56437.750574246726,12.8223657792299,10.940893550003247,23.76228696062886,0.0,1
23420,"Fresno, CA",2023,1,1,378330.0,378070.0,22703509500.0,493,489,0.27237159314178505,1384020.0,528,60051.0738752083,12.84352210961803,11.002950710365853,23.845785353008104,0.27237159314178505,1
23420,"Fresno, CA",2024,1,2,438830.0,435890.0,26641501700.0,488,484,0.27237159314178505,1384020.0,528,61119.78182568997,12.991867373323327,11.020590854228173,24.005736051149984,0.27237159314178505,1
23460,"Gadsden, AL",2019,0,-3,26450.0,26380.0,957116700.0,131,130,0.2699483527044624,99520.0,178,36281.90674753601,10.183011437286446,10.499074459285078,20.679435885556384,0.0,1
23460,"Gadsden, AL",2020,0,-2,22460.0,22390.0,836294600.0,123,122,0.2699483527044624,99520.0,178,37351.25502456454,10.019491228292434,10.528121791725074,20.544491501317875,0.0,1
23460,"Gadsden, AL",2021,0,-1,25190.0,25190.0,944986200.0,144,144,0.2699483527044624,99520.0,178,37514.33902342199,10.134202369346657,10.53247851283013,20.666680882176788,0.0,1
23460,"Gadsden, AL",2022,0,0,25420.0,25290.0,1014066000.0,147,145,0.2699483527044624,99520.0,178,40097.50889679715,10.143291544743445,10.599069489090606,20.73723382875462,0.0,1
23460,"Gadsden, AL",2023,1,1,25480.0,25480.0,1069097000.0,143,143,0.2699483527044624,99520.0,178,41958.28100470958,10.145649109686099,10.644431094195104,20.790080203881203,0.2699483527044624,1
23460,"Gadsden, AL",2024,1,2,26020.0,25940.0,1146134900.0,147,146,0.2699483527044624,99520.0,178,44184.07478797224,10.166620752066496,10.696119704227886,20.85966116209832,0.2699483527044624,1
23540,"Gainesville, FL",2019,0,-3,113830.0,108800.0,4796067100.0,290,280,0.31944295619969876,452750.0,384,44081.49908088235,11.642461386319262,10.693795451435516,22.291062064839497,0.0,1
23540,"Gainesville, FL",2020,0,-2,110150.0,105140.0,4869189300.0,289,282,0.31944295619969876,452750.0,384,46311.482784858286,11.609598352230488,10.743145217637622,22.30619329201106,0.0,1
23540,"Gainesville, FL",2021,0,-1,111840.0,111280.0,5431079200.0,317,315,0.31944295619969876,452750.0,384,48805.52839683681,11.624824557467637,10.795598872245197,22.41540369884252,0.0,1
23540,"Gainesville, FL",2022,0,0,116930.0,116550.0,6130833100.0,319,315,0.31944295619969876,452750.0,384,52602.6006006006,11.669330744134363,10.870520838579688,22.536596483043592,0.0,1
23540,"Gainesville, FL",2023,1,1,119910.0,119880.0,6718874500.0,329,328,0.31944295619969876,452750.0,384,56046.66750083417,11.694496740373479,10.933939970904623,22.628186492335225,0.31944295619969876,1
23540,"Gainesville, FL",2024,1,2,130280.0,129980.0,7558502800.0,337,333,0.31944295619969876,452750.0,384,58151.27558085859,11.77744125939017,10.970803093748499,22.74593896519684,0.31944295619969876,1
23580,"Gainesville, GA",2019,0,-3,69560.0,69090.0,2888518800.0,221,217,0.27178479464799726,292160.0,321,41808.0590534086,11.149944968468219,10.640844400250034,21.784009681732876,0.0,1
23580,"Gainesville, GA",2020,0,-2,64900.0,63850.0,2777896600.0,209,202,0.27178479464799726,292160.0,321,43506.60297572435,11.080602902692181,10.680667998102841,21.744959859563526,0.0,1
23580,"Gainesville, GA",2021,0,-1,76680.0,76680.0,3544403000.0,264,264,0.27178479464799726,292160.0,321,46223.30464267084,11.247396197159581,10.74123937938308,21.98863557654266,0.0,1
23580,"Gainesville, GA",2022,0,0,81020.0,80570.0,4052248400.0,280,277,0.27178479464799726,292160.0,321,50294.75487154027,11.302451316756681,10.825656073742868,22.12253772451411,0.0,1
23580,"Gainesville, GA",2023,1,1,83460.0,82520.0,4370569500.0,279,276,0.27178479464799726,292160.0,321,52963.760300533206,11.332122754145544,10.877363190743893,22.19815915792908,0.27178479464799726,1
23580,"Gainesville, GA",2024,1,2,87070.0,86240.0,4719587800.0,289,283,0.27178479464799726,292160.0,321,54726.20361781076,11.37446767182266,10.910097916079046,22.27498730222187,0.27178479464799726,1
23900,"Gettysburg, PA",2019,0,-3,25860.0,25780.0,1040587100.0,144,143,0.25800498850154896,100530.0,195,40364.12335143522,10.160452652325848,10.605696633556244,20.763050910049422,0.0,1
23900,"Gettysburg, PA",2020,0,-2,23050.0,22860.0,989935900.0,136,133,0.25800498850154896,100530.0,195,43304.28258967629,10.045421048424794,10.676006814173153,20.713150751521955,0.0,1
23900,"Gettysburg, PA",2021,0,-1,25570.0,25570.0,1194667000.0,163,163,0.25800498850154896,100530.0,195,46721.43136488072,10.149175068285233,10.751958254123572,20.901133322408803,0.0,1
23900,"Gettysburg, PA",2022,0,0,26050.0,26050.0,1255955200.0,164,164,0.25800498850154896,100530.0,195,48213.251439539345,10.167773047181512,10.78338918838495,20.951162235566464,0.0,1
23900,"Gettysburg, PA",2023,1,1,26010.0,26010.0,1310074100.0,161,161,0.25800498850154896,100530.0,195,50368.093041138025,10.166236358442697,10.827113179002538,20.993349537445233,0.25800498850154896,1
23900,"Gettysburg, PA",2024,1,2,25960.0,25780.0,1347955900.0,171,168,0.25800498850154896,100530.0,195,52286.88518231187,10.164312170818027,10.864500857274665,21.021855133767843,0.25800498850154896,1
24020,"Glens Falls, NY",2019,0,-3,42180.0,42040.0,1901475500.0,189,187,0.2832637894760736,162560.0,272,45230.14985727878,10.649701454032765,10.719519175693877,21.365896000684764,0.0,1
24020,"Glens Falls, NY",2020,0,-2,37690.0,37530.0,1850465600.0,190,186,0.2832637894760736,162560.0,272,49306.30428990141,10.537150086261182,10.805807227918244,21.33870312004731,0.0,1
24020,"Glens Falls, NY",2021,0,-1,40780.0,40780.0,2081549200.0,221,221,0.2832637894760736,162560.0,272,51043.384011770475,10.615947044128447,10.840431216991897,21.456378261120342,0.0,1
24020,"Glens Falls, NY",2022,0,0,41910.0,41870.0,2268716400.0,234,233,0.2832637894760736,162560.0,272,54184.77191306424,10.643279740919118,10.900155186937223,21.542480045950413,0.0,1
24020,"Glens Falls, NY",2023,1,1,43250.0,43060.0,2454180700.0,244,240,0.2832637894760736,162560.0,272,56994.44263817929,10.674752512360026,10.950709044487688,21.62105881540604,0.2832637894760736,1
24020,"Glens Falls, NY",2024,1,2,43720.0,43020.0,2549516000.0,251,243,0.2832637894760736,162560.0,272,59263.50534635053,10.685560942290476,10.989748971358413,21.659169374180134,0.2832637894760736,1
24140,"Goldsboro, NC",2019,0,-3,33880.0,33800.0,1290385200.0,151,150,0.27358874704900843,128990.0,210,38177.07692307692,10.43058014876599,10.549990533926549,20.97820661539766,0.0,1
24140,"Goldsboro, NC",2020,0,-2,30600.0,30480.0,1203661700.0,150,148,0.27358874704900843,128990.0,210,39490.213254593174,10.328755287940472,10.583808154483718,20.9086341642843,0.0,1
24140,"Goldsboro, NC",2021,0,-1,31880.0,31740.0,1282313500.0,177,174,0.27358874704900843,128990.0,210,40400.5513547574,10.369734132904151,10.606598711251102,20.971931705331503,0.0,1
24140,"Goldsboro, NC",2022,0,0,32630.0,32410.0,1398369300.0,182,179,0.27358874704900843,128990.0,210,43146.229558778155,10.392987389587367,10.67235031282764,21.05857260896323,0.0,1
24140,"Goldsboro, NC",2023,1,1,32590.0,32470.0,1488023200.0,177,175,0.27358874704900843,128990.0,210,45827.631659993844,10.391760771831608,10.732642499536725,21.120714364633617,0.27358874704900843,1
24140,"Goldsboro, NC",2024,1,2,34160.0,34020.0,1639137600.0,187,185,0.27358874704900843,128990.0,210,48181.5873015873,10.438810647902507,10.782732220864604,21.21743608681446,0.27358874704900843,1
24220,"Grand Forks, ND-MN",2019,0,-3,37340.0,36970.0,1633574600.0,199,194,0.28074843703844227,153390.0,260,44186.491750067624,10.527820417095713,10.696174404841239,21.214036456771915,0.0,1
24220,"Grand Forks, ND-MN",2020,0,-2,35350.0,34830.0,1593189600.0,192,184,0.28074843703844227,153390.0,260,45741.87769164513,10.473053671324719,10.730769518147504,21.18900388150755,0.0,1
24220,"Grand Forks, ND-MN",2021,0,-1,39880.0,39780.0,1941053800.0,218,216,0.28074843703844227,153390.0,260,48794.715937657114,10.593630224075774,10.795377306012497,21.38649685842046,0.0,1
24220,"Grand Forks, ND-MN",2022,0,0,40820.0,40710.0,2097661000.0,216,214,0.28074843703844227,153390.0,260,51526.922132154265,10.616927436363836,10.849859709908156,21.46408875140518,0.0,1
24220,"Grand Forks, ND-MN",2023,1,1,42750.0,42600.0,2330005100.0,222,219,0.28074843703844227,153390.0,260,54694.95539906103,10.663124474364906,10.909526761105365,21.569136293362828,0.28074843703844227,1
24220,"Grand Forks, ND-MN",2024,1,2,42910.0,42770.0,2446427600.0,233,230,0.28074843703844227,153390.0,260,57199.61655365911,10.666860177985571,10.954302473738062,21.617894674959015,0.28074843703844227,1
24260,"Grand Island, NE",2019,0,-3,29850.0,29850.0,1269000900.0,169,169,0.2789813648921362,123290.0,243,42512.59296482412,10.303940118820748,10.65755561607752,20.961495734898268,0.0,1
24260,"Grand Island, NE",2020,0,-2,27920.0,27850.0,1243671900.0,169,168,0.2789813648921362,123290.0,243,44656.08258527828,10.237098556876308,10.706745805140173,20.941334050495602,0.0,1
24260,"Grand Island, NE",2021,0,-1,32120.0,32120.0,1523005900.0,203,203,0.2789813648921362,123290.0,243,47416.12391033624,10.377234168060697,10.76671761672426,21.14395178478496,0.0,1
24260,"Grand Island, NE",2022,0,0,33400.0,33400.0,1680775800.0,206,206,0.2789813648921362,123290.0,243,50322.62874251497,10.416311178964792,10.826210130520863,21.242521309485653,0.0,1
24260,"Grand Island, NE",2023,1,1,34530.0,34090.0,1765034800.0,213,211,0.2789813648921362,123290.0,243,51775.73481959519,10.449583790384038,10.854676878719232,21.29143624385118,0.2789813648921362,1
24260,"Grand Island, NE",2024,1,2,30740.0,30560.0,1667336000.0,186,184,0.2789813648921362,123290.0,243,54559.424083769634,10.333320017092587,10.907045736812249,21.234492980092707,0.2789813648921362,1
24300,"Grand Junction, CO",2019,0,-3,50560.0,49630.0,2215646700.0,213,207,0.2931393889834646,207650.0,291,44643.29437840016,10.83091602882074,10.706459393131482,21.518810161712967,0.0,1
24300,"Grand Junction, CO",2020,0,-2,47590.0,47070.0,2204630900.0,207,203,0.2931393889834646,207650.0,291,46837.28277034204,10.770377934115157,10.75443480514813,21.513825939543317,0.0,1
24300,"Grand Junction, CO",2021,0,-1,53860.0,53440.0,2682398800.0,250,247,0.2931393889834646,207650.0,291,50194.588323353295,10.89414336636559,10.823662497545094,21.70997730575562,0.0,1
24300,"Grand Junction, CO",2022,0,0,55640.0,55250.0,2959832900.0,249,244,0.2931393889834646,207650.0,291,53571.636199095024,10.926657646037379,10.888775031606164,21.808398650986163,0.0,1
24300,"Grand Junction, CO",2023,1,1,56640.0,56550.0,3259804800.0,259,257,0.2931393889834646,207650.0,291,57644.647214854114,10.944470728367602,10.962052671687431,21.904933153231696,0.2931393889834646,1
24300,"Grand Junction, CO",2024,1,2,57640.0,57260.0,3341983900.0,267,261,0.2931393889834646,207650.0,291,58365.069856793576,10.961972050113458,10.974472870981337,21.929830449633442,0.2931393889834646,1
24420,"Grants Pass, OR",2019,0,-3,19770.0,19630.0,769833600.0,127,126,0.27657008346979695,82260.0,181,39217.19816607234,9.891920916164663,10.57687065829158,20.461684945562087,0.0,1
24420,"Grants Pass, OR",2020,0,-2,18280.0,18120.0,740065900.0,111,109,0.27657008346979695,82260.0,181,40842.48896247241,9.813562845008141,10.617478214654497,20.422249794251467,0.0,1
24420,"Grants Pass, OR",2021,0,-1,21710.0,21630.0,981348900.0,143,141,0.27657008346979695,82260.0,181,45369.80582524272,9.985528262872338,10.722602092843754,20.70443861179086,0.0,1
24420,"Grants Pass, OR",2022,0,0,22500.0,22460.0,1110675700.0,155,154,0.27657008346979695,82260.0,181,49451.27782724844,10.021270588192511,10.80874317751069,20.828234405803123,0.0,1
24420,"Grants Pass, OR",2023,1,1,22430.0,19510.0,1066334600.0,154,151,0.27657008346979695,82260.0,181,54655.79702716556,10.018154627514255,10.90881056349903,20.787492997116185,0.27657008346979695,1
24420,"Grants Pass, OR",2024,1,2,24390.0,19800.0,1143777400.0,158,156,0.27657008346979695,82260.0,181,57766.53535353536,10.101928491209966,10.964164913868585,20.85760213055121,0.27657008346979695,1
24500,"Great Falls, MT",2019,0,-3,28080.0,27790.0,1078063500.0,170,167,0.2834401124971159,110090.0,230,38793.21698452681,10.242812858139747,10.566000690342147,20.798432213078698,0.0,1
24500,"Great Falls, MT",2020,0,-2,25480.0,25150.0,1025589400.0,163,159,0.2834401124971159,110090.0,230,40778.902584493044,10.145649109686099,10.615920133135967,20.748533308663852,0.0,1
24500,"Great Falls, MT",2021,0,-1,27140.0,26950.0,1139984200.0,183,181,0.2834401124971159,110090.0,230,42299.97031539889,10.20876393338886,10.652541663270503,20.854280239607647,0.0,1
24500,"Great Falls, MT",2022,0,0,29390.0,29230.0,1331596700.0,188,185,0.2834401124971159,110090.0,230,45555.82278481012,10.288409759412962,10.726693727335093,21.009644585440384,0.0,1
24500,"Great Falls, MT",2023,1,1,29830.0,29660.0,1450537300.0,185,181,0.2834401124971159,110090.0,230,48905.50573162508,10.303269877508795,10.797645260773773,21.095199876465696,0.2834401124971159,1
24500,"Great Falls, MT",2024,1,2,30640.0,30400.0,1600137400.0,195,192,0.2834401124971159,110090.0,230,52636.09868421053,10.330061623854528,10.871157450110786,21.1933553375051,0.2834401124971159,1
24540,"Greeley, CO",2019,0,-3,89830.0,89320.0,4331113100.0,272,266,0.2768004536928281,357150.0,367,48489.846618898344,11.405674274223252,10.789109706945258,22.189090412899354,0.0,1
24540,"Greeley, CO",2020,0,-2,85370.0,84900.0,4357372200.0,265,261,0.2768004536928281,357150.0,367,51323.583038869256,11.354750030004352,10.84590563388537,22.19513500618481,0.0,1
24540,"Greeley, CO",2021,0,-1,87590.0,87510.0,4744105800.0,307,305,0.2768004536928281,357150.0,367,54212.15632499143,11.380422115157135,10.90066044871825,22.280168800248127,0.0,1
24540,"Greeley, CO",2022,0,0,94360.0,94240.0,5422764700.0,318,315,0.2768004536928281,357150.0,367,57542.07024617997,11.45487253352161,10.960271615710647,22.41387161459606,0.0,1
24540,"Greeley, CO",2023,1,1,96050.0,95900.0,5894802600.0,320,317,0.2768004536928281,357150.0,367,61468.22314911366,11.472624168196702,11.026275623498458,22.497336884369986,0.2768004536928281,1
24540,"Greeley, CO",2024,1,2,100810.0,100440.0,6438004700.0,320,317,0.2768004536928281,357150.0,367,64098.01573078455,11.520992836047988,11.068168686591624,22.585484499863146,0.2768004536928281,1
24580,"Green Bay, WI",2019,0,-3,155810.0,154730.0,7180513500.0,334,328,0.2948712909512718,611190.0,462,46406.73107994571,11.9563925952114,10.745199794071377,22.694636735555097,0.0,1
24580,"Green Bay, WI",2020,0,-2,143810.0,142950.0,7004670800.0,329,326,0.2948712909512718,611190.0,462,49000.845050717035,11.876248262880425,10.799592822877054,22.669843020627514,0.0,1
24580,"Green Bay, WI",2021,0,-1,154270.0,154190.0,7898539800.0,401,399,0.2948712909512718,611190.0,462,51226.018548544,11.946459593005985,10.844002856726775,22.789943743892174,0.0,1
24580,"Green Bay, WI",2022,0,0,157300.0,156960.0,8483814600.0,407,401,0.2948712909512718,611190.0,462,54050.80657492355,11.96591008904637,10.897679745711303,22.861426020510493,0.0,1
24580,"Green Bay, WI",2023,1,1,158730.0,157770.0,9087665500.0,392,388,0.2948712909512718,611190.0,462,57600.719401660645,11.974959924566287,10.961290336218152,22.930183891469653,0.2948712909512718,1
24580,"Green Bay, WI",2024,1,2,158370.0,158140.0,9418615100.0,394,390,0.2948712909512718,611190.0,462,59558.714430251675,11.972689346485772,10.994717902116571,22.96595389774149,0.2948712909512718,1
24660,"Greensboro-High Point, NC",2019,0,-3,335100.0,334510.0,15076393200.0,419,412,0.29601992640984925,1299930.0,522,45070.08220979941,12.722184273725402,10.715973939730056,23.436395993199834,0.0,1
24660,"Greensboro-High Point, NC",2020,0,-2,312450.0,311700.0,14944950000.0,404,399,0.29601992640984925,1299930.0,522,47946.58325312801,12.652199735357227,10.777842821320752,23.42763928707618,0.0,1
24660,"Greensboro-High Point, NC",2021,0,-1,322580.0,322230.0,15993462300.0,480,477,0.29601992640984925,1299930.0,522,49633.684945535795,12.684106446471173,10.812425014173709,23.49544586943391,0.0,1
24660,"Greensboro-High Point, NC",2022,0,0,329800.0,328380.0,16747444200.0,467,462,0.29601992640984925,1299930.0,522,51000.19550520738,12.706241689107635,10.839584745134554,23.541511498500572,0.0,1
24660,"Greensboro-High Point, NC",2023,1,1,335500.0,335300.0,18400304800.0,478,474,0.29601992640984925,1299930.0,522,54877.13927825828,12.723377235393874,10.91285213418722,23.635633066641542,0.29601992640984925,1
24660,"Greensboro-High Point, NC",2024,1,2,335670.0,335570.0,18948331700.0,475,473,0.29601992640984925,1299930.0,522,56466.107518550525,12.723883813469877,10.941395870214073,23.664981727660052,0.29601992640984925,1
24780,"Greenville, NC",2019,0,-3,61010.0,60590.0,2565201300.0,213,210,0.30589634450584163,254530.0,315,42337.040765802936,11.018793064145898,10.653417650082915,21.66530279202195,0.0,1
24780,"Greenville, NC",2020,0,-2,59440.0,58790.0,2659492000.0,219,214,0.30589634450584163,254530.0,315,45237.149175029765,10.99272267939164,10.719673912661595,21.701400964057896,0.0,1
24780,"Greenville, NC",2021,0,-1,65700.0,65700.0,3194035300.0,275,275,0.30589634450584163,254530.0,315,48615.45357686454,11.092854204472703,10.791696734177906,21.88455093865061,0.0,1
24780,"Greenville, NC",2022,0,0,68380.0,68280.0,3488606700.0,270,268,0.30589634450584163,254530.0,315,51092.65817223198,11.132835663193292,10.841396090179279,21.972768267087655,0.0,1
24780,"Greenville, NC",2023,1,1,70820.0,70660.0,3863578500.0,276,275,0.30589634450584163,254530.0,315,54678.439003679596,11.167896725665894,10.90922474258254,22.074859663495676,0.30589634450584163,1
24780,"Greenville, NC",2024,1,2,72070.0,72070.0,4117731100.0,273,273,0.30589634450584163,254530.0,315,57135.16164839739,11.185393147918488,10.953174996812786,22.138568144731273,0.30589634450584163,1
25020,"Guayama, PR",2019,0,-3,7600.0,7430.0,192591300.0,50,49,0.29800148745873845,26120.0,76,25920.767160161507,8.935903526274423,10.162799747256674,19.07608088496848,0.0,1
25020,"Guayama, PR",2020,0,-2,5130.0,4900.0,135650200.0,43,40,0.29800148745873845,26120.0,76,27683.714285714286,8.542860938164814,10.228599587352011,18.725590071450732,0.0,1
25020,"Guayama, PR",2021,0,-1,6480.0,6480.0,179059500.0,62,62,0.29800148745873845,26120.0,76,27632.63888888889,8.776475789346321,10.226752921459962,19.003228710806283,0.0,1
25020,"Guayama, PR",2022,0,0,6910.0,6910.0,189646200.0,64,64,0.29800148745873845,26120.0,76,27445.18089725036,8.840724916761715,10.219945872226628,19.060670788988343,0.0,1
25020,"Guayama, PR",2023,1,1,6950.0,6950.0,189345200.0,59,59,0.29800148745873845,26120.0,76,27243.913669064747,8.846496938558838,10.212585423550754,19.059082362109592,0.29800148745873845,1
25020,"Guayama, PR",2024,1,2,7030.0,6960.0,202633600.0,59,58,0.29800148745873845,26120.0,76,29114.02298850575,8.857941984804711,10.278975226727432,19.1269099800559,0.29800148745873845,1
25180,"Hagerstown-Martinsburg, MD-WV",2019,0,-3,85730.0,84590.0,3866766400.0,269,261,0.29313802653121573,340080.0,373,45711.86192221303,11.358958101672801,10.730113103863372,22.07568443916143,0.0,1
25180,"Hagerstown-Martinsburg, MD-WV",2020,0,-2,77630.0,77310.0,3676916600.0,270,265,0.29313802653121573,340080.0,373,47560.68555167507,11.259709229399727,10.769761765159936,22.02534035747446,0.0,1
25180,"Hagerstown-Martinsburg, MD-WV",2021,0,-1,86450.0,86450.0,4225339800.0,309,309,0.29313802653121573,340080.0,373,48876.11104684789,11.367321491111436,10.797044029445615,22.164365520557052,0.0,1
25180,"Hagerstown-Martinsburg, MD-WV",2022,0,0,90270.0,89930.0,4674239700.0,317,312,0.29313802653121573,340080.0,373,51976.422773268096,11.410560458292201,10.8585454865366,22.26533235544516,0.0,1
25180,"Hagerstown-Martinsburg, MD-WV",2023,1,1,91490.0,91190.0,5063366400.0,317,313,0.29313802653121573,340080.0,373,55525.45673867749,11.42398495567358,10.924596874549191,22.345297395476905,0.29313802653121573,1
25180,"Hagerstown-Martinsburg, MD-WV",2024,1,2,95150.0,95000.0,5506948700.0,317,314,0.29313802653121573,340080.0,373,57967.88105263158,11.463209872724295,10.967644361183947,22.429276531766625,0.29313802653121573,1
25220,"Hammond, LA",2019,0,-3,33150.0,33030.0,1229627300.0,147,144,0.2823192197869499,136970.0,213,37227.59006963367,10.408797995614009,10.524805433899582,20.929976952284417,0.0,1
25220,"Hammond, LA",2020,0,-2,31700.0,31540.0,1216087400.0,141,139,0.2823192197869499,136970.0,213,38556.98795180723,10.364071959865372,10.559892632390474,20.9189044929075,0.0,1
25220,"Hammond, LA",2021,0,-1,35270.0,35240.0,1406704400.0,170,169,0.2823192197869499,136970.0,213,39917.832009080594,10.470788023230098,10.594578420560882,21.064515500610998,0.0,1
25220,"Hammond, LA",2022,0,0,36850.0,36850.0,1561424300.0,165,165,0.2823192197869499,136970.0,213,42372.4369063772,10.514610897617482,10.654253356868201,21.168864254485683,0.0,1
25220,"Hammond, LA",2023,1,1,37480.0,37330.0,1671572800.0,165,164,0.2823192197869499,136970.0,213,44778.26948834717,10.531562736352358,10.70947824466165,21.23703081657028,0.2823192197869499,1
25220,"Hammond, LA",2024,1,2,37460.0,37310.0,1729586200.0,173,172,0.2823192197869499,136970.0,213,46357.17502010185,10.53102897599808,10.74413135987878,21.271148026093982,0.2823192197869499,1
25260,"Hanford-Corcoran, CA",2019,0,-3,29010.0,28830.0,1242217300.0,141,138,0.2475049123955132,119810.0,199,43087.66215747485,10.27539587711545,10.67099197426393,20.94016376489638,0.0,1
25260,"Hanford-Corcoran, CA",2020,0,-2,26710.0,26620.0,1259793000.0,135,134,0.2475049123955132,119810.0,199,47325.056348610065,10.192793306104006,10.764795166750034,20.954213258699134,0.0,1
25260,"Hanford-Corcoran, CA",2021,0,-1,31570.0,31570.0,1632231300.0,162,162,0.2475049123955132,119810.0,199,51701.973392461194,10.359962581552038,10.85325122983501,21.213213811387046,0.0,1
25260,"Hanford-Corcoran, CA",2022,0,0,32520.0,32470.0,1718933800.0,170,169,0.2475049123955132,119810.0,199,52939.13766553742,10.389610563661748,10.876898186746603,21.264970051843495,0.0,1
25260,"Hanford-Corcoran, CA",2023,1,1,33870.0,33870.0,1886252900.0,181,181,0.2475049123955132,119810.0,199,55690.96250369058,10.430284945811817,10.927573159675347,21.357858105487164,0.2475049123955132,1
25260,"Hanford-Corcoran, CA",2024,1,2,36720.0,36510.0,2145629800.0,180,176,0.2475049123955132,119810.0,199,58768.27718433306,10.511076844734427,10.981357484634445,21.486698959284126,0.2475049123955132,1
25420,"Harrisburg-Carlisle, PA",2019,0,-3,298370.0,297930.0,14821313300.0,401,394,0.3180077243070332,1169550.0,515,49747.63635753365,12.60608960606461,10.81471823105675,23.419332069622264,0.0,1
25420,"Harrisburg-Carlisle, PA",2020,0,-2,278110.0,277490.0,14293635800.0,387,380,0.3180077243070332,1169550.0,515,51510.45371004361,12.535771997863957,10.84954005071427,23.383080226197546,0.0,1
25420,"Harrisburg-Carlisle, PA",2021,0,-1,293530.0,292740.0,15784542300.0,445,441,0.3180077243070332,1169550.0,515,53920.00512400082,12.589735127677493,10.895256840615874,23.482296962653812,0.0,1
25420,"Harrisburg-Carlisle, PA",2022,0,0,299540.0,299280.0,16759655000.0,448,444,0.3180077243070332,1169550.0,515,55999.91646618551,12.610003243546387,10.933105478040915,23.542240347062943,0.0,1
25420,"Harrisburg-Carlisle, PA",2023,1,1,307230.0,307010.0,18150429100.0,453,451,0.3180077243070332,1169550.0,515,59119.99315983193,12.635351931737594,10.987324439922347,23.621960039251086,0.3180077243070332,1
25420,"Harrisburg-Carlisle, PA",2024,1,2,312400.0,311060.0,18941661600.0,447,442,0.3180077243070332,1169550.0,515,60893.916286247026,12.652039696947668,11.01688855193042,23.664629650528973,0.3180077243070332,1
25500,"Harrisonburg, VA",2019,0,-3,49860.0,48450.0,1980609800.0,204,197,0.26592909475034443,203580.0,286,40879.45923632611,10.816974357077548,10.61838299671588,21.40667061403479,0.0,1
25500,"Harrisonburg, VA",2020,0,-2,48030.0,47010.0,2019992700.0,200,194,0.26592909475034443,203580.0,286,42969.425654116145,10.77958109465887,10.668244110473433,21.42635973449161,0.0,1
25500,"Harrisonburg, VA",2021,0,-1,52080.0,51900.0,2314055400.0,245,243,0.26592909475034443,203580.0,286,44586.80924855491,10.860536276882451,10.70519333750464,21.56226740665862,0.0,1
25500,"Harrisonburg, VA",2022,0,0,53610.0,53210.0,2560097300.0,238,236,0.26592909475034443,203580.0,286,48113.085886111636,10.889490896821583,10.78130947493769,21.663311102528105,0.0,1
25500,"Harrisonburg, VA",2023,1,1,56030.0,56030.0,2927170000.0,255,255,0.26592909475034443,203580.0,286,52242.905586293055,10.93364254055933,10.863659382355591,21.797301922914922,0.26592909475034443,1
25500,"Harrisonburg, VA",2024,1,2,56360.0,54810.0,2938944200.0,259,251,0.26592909475034443,203580.0,286,53620.583835066594,10.939514966012617,10.889688300113116,21.801316238153277,0.26592909475034443,1
25620,"Hattiesburg, MS",2019,0,-3,48010.0,47020.0,1690208500.0,178,170,0.30016321145856184,199600.0,267,35946.5865589111,10.779164601524986,10.489789408958602,21.248117731052663,0.0,1
25620,"Hattiesburg, MS",2020,0,-2,47630.0,46830.0,1808046700.0,176,170,0.30016321145856184,199600.0,267,38608.72731155242,10.771218093794905,10.561233626051246,21.315512928228834,0.0,1
25620,"Hattiesburg, MS",2021,0,-1,50840.0,50210.0,1925909800.0,218,210,0.30016321145856184,199600.0,267,38357.0961959769,10.83643872530339,10.55469482738278,21.37866431641153,0.0,1
25620,"Hattiesburg, MS",2022,0,0,53120.0,52810.0,2216839100.0,230,226,0.30016321145856184,199600.0,267,41977.63870479076,10.880308784150316,10.644892343693325,21.519348189394304,0.0,1
25620,"Hattiesburg, MS",2023,1,1,54210.0,53900.0,2413674500.0,238,233,0.30016321145856184,199600.0,267,44780.60296846011,10.900620672254384,10.709530355190724,21.60441611208781,0.30016321145856184,1
25620,"Hattiesburg, MS",2024,1,2,54500.0,54280.0,2485047500.0,239,236,0.30016321145856184,199600.0,267,45782.00994841562,10.905955980651335,10.731646497051644,21.633557611000448,0.30016321145856184,1
25860,"Hickory-Lenoir-Morganton, NC",2019,0,-3,134710.0,134510.0,5505013100.0,305,303,0.25714773794132834,527110.0,393,40926.42257081258,11.810879598692614,10.619531162070455,22.428924986773083,0.0,1
25860,"Hickory-Lenoir-Morganton, NC",2020,0,-2,123240.0,122890.0,5199395500.0,292,290,0.25714773794132834,527110.0,393,42309.34575636748,11.721888952710604,10.652763280497595,22.371808205776237,0.0,1
25860,"Hickory-Lenoir-Morganton, NC",2021,0,-1,131250.0,131020.0,5817819100.0,339,337,0.25714773794132834,527110.0,393,44404.05357960617,11.78485918045387,10.70108604109099,22.484191303376857,0.0,1
25860,"Hickory-Lenoir-Morganton, NC",2022,0,0,137910.0,137780.0,6564505700.0,351,349,0.25714773794132834,527110.0,393,47644.83742197706,11.834356577468384,10.771529559497678,22.604943048644863,0.0,1
25860,"Hickory-Lenoir-Morganton, NC",2023,1,1,140340.0,140250.0,7083433300.0,359,357,0.25714773794132834,527110.0,393,50505.7632798574,11.85182332880628,10.829842733105375,22.681024556490318,0.25714773794132834,1
25860,"Hickory-Lenoir-Morganton, NC",2024,1,2,140760.0,140610.0,7367278100.0,359,357,0.25714773794132834,527110.0,393,52395.12196856554,11.85481159143552,10.866568773772837,22.720314153357698,0.25714773794132834,1
25980,"Hinesville, GA",2019,0,-3,10100.0,10040.0,376525700.0,78,77,0.2955847130766648,42890.0,127,37502.559760956174,9.22029070282935,10.532164469921039,19.746496863166758,0.0,1
25980,"Hinesville, GA",2020,0,-2,8740.0,8740.0,355924400.0,74,74,0.2955847130766648,42890.0,127,40723.615560640734,9.07566546864958,10.61456343806468,19.69022890671426,0.0,1
25980,"Hinesville, GA",2021,0,-1,12070.0,11970.0,552634000.0,101,100,0.2955847130766648,42890.0,127,46168.25396825397,9.398478314091577,10.740047697334214,20.130206495886235,0.0,1
25980,"Hinesville, GA",2022,0,0,11980.0,11950.0,541289400.0,97,96,0.2955847130766648,42890.0,127,45296.18410041841,9.39099387166944,10.720978071729204,20.109464629088862,0.0,1
25980,"Hinesville, GA",2023,1,1,12920.0,12890.0,632567900.0,109,108,0.2955847130766648,42890.0,127,49074.31342125679,9.466531777336593,10.801091028649582,20.265298124582817,0.2955847130766648,1
25980,"Hinesville, GA",2024,1,2,14720.0,13580.0,687054700.0,112,110,0.2955847130766648,42890.0,127,50593.12960235641,9.596962392282867,10.83157106744725,20.34792446855994,0.2955847130766648,1
26140,"Homosassa Springs, FL",2019,0,-3,24120.0,24030.0,917928000.0,123,121,0.28236470185841317,100110.0,185,38199.25093632959,10.090796650841122,10.5505711854058,20.637629514136314,0.0,1
26140,"Homosassa Springs, FL",2020,0,-2,23400.0,23220.0,872071300.0,121,117,0.28236470185841317,100110.0,185,37556.90353143842,10.060491301345794,10.533612489333755,20.586381744585637,0.0,1
26140,"Homosassa Springs, FL",2021,0,-1,25160.0,25110.0,997912300.0,147,146,0.28236470185841317,100110.0,185,39741.62883313421,10.133010710814377,10.590154502511304,20.721175954662936,0.0,1
26140,"Homosassa Springs, FL",2022,0,0,27430.0,27330.0,1185664200.0,161,159,0.28236470185841317,100110.0,185,43383.24917672887,10.219392583931649,10.677828681915507,20.89356896083762,0.0,1
26140,"Homosassa Springs, FL",2023,1,1,28400.0,28310.0,1315756700.0,158,157,0.28236470185841317,100110.0,185,46476.74673260332,10.254144424149297,10.746707396232017,20.997677774337962,0.28236470185841317,1
26140,"Homosassa Springs, FL",2024,1,2,28300.0,28260.0,1399090000.0,154,153,0.28236470185841317,100110.0,185,49507.78485491862,10.25061708363133,10.80988520598752,21.059087862226036,0.28236470185841317,1
26300,"Hot Springs, AR",2019,0,-3,29880.0,29840.0,1056088900.0,151,150,0.28745537584884795,120440.0,208,35391.7191689008,10.304944639246754,10.474233149975435,20.777838204293133,0.0,1
26300,"Hot Springs, AR",2020,0,-2,28320.0,28190.0,1046788700.0,140,137,0.28745537584884795,120440.0,208,37133.33451578574,10.251323547807656,10.522270349650633,20.768992933758792,0.0,1
26300,"Hot Springs, AR",2021,0,-1,30360.0,30270.0,1188890000.0,177,176,0.28745537584884795,120440.0,208,39276.18103733069,10.320881231509567,10.57837353364129,20.896285935657055,0.0,1
26300,"Hot Springs, AR",2022,0,0,31880.0,31880.0,1331280800.0,170,170,0.28745537584884795,120440.0,208,41759.121706399,10.369734132904151,10.639673190400456,21.009407323304607,0.0,1
26300,"Hot Springs, AR",2023,1,1,32850.0,32850.0,1419522500.0,181,181,0.28745537584884795,120440.0,208,43212.25266362253,10.399707023912757,10.673879360490561,21.073586384403317,0.28745537584884795,1
26300,"Hot Springs, AR",2024,1,2,31980.0,31930.0,1444310300.0,175,174,0.28745537584884795,120440.0,208,45233.645474475416,10.372865986387945,10.719596457819518,21.090897743528345,0.28745537584884795,1
26580,"Huntington-Ashland, WV-KY-OH",2019,0,-3,114090.0,114040.0,4721340100.0,306,305,0.2906390321651584,450580.0,408,41400.737460540164,11.644742889590415,10.63105397271128,22.27535851573789,0.0,1
26580,"Huntington-Ashland, WV-KY-OH",2020,0,-2,104880.0,104880.0,4483766500.0,300,300,0.2906390321651584,450580.0,408,42751.3968344775,11.560572118437582,10.663157148321808,22.22372926675939,0.0,1
26580,"Huntington-Ashland, WV-KY-OH",2021,0,-1,113430.0,113430.0,5070518300.0,351,351,0.2906390321651584,450580.0,408,44701.73939874813,11.638941185553088,10.707767692568252,22.34670887812134,0.0,1
26580,"Huntington-Ashland, WV-KY-OH",2022,0,0,118180.0,118010.0,5624970300.0,357,355,0.2906390321651584,450580.0,408,47665.20040674519,11.679964164899665,10.771956859403161,22.450481505022957,0.0,1
26580,"Huntington-Ashland, WV-KY-OH",2023,1,1,118070.0,118070.0,5999846800.0,359,359,0.2906390321651584,450580.0,408,50816.01422884729,11.679032947901156,10.835966824613996,22.51499977251515,0.2906390321651584,1
26580,"Huntington-Ashland, WV-KY-OH",2024,1,2,129150.0,128950.0,6834477000.0,369,364,0.2906390321651584,450580.0,408,53000.984877859635,11.768729798523987,10.87806577496273,22.64524578627222,0.2906390321651584,1
26620,"Huntsville, AL",2019,0,-3,205280.0,204360.0,11392389200.0,355,349,0.34042716199261963,840980.0,449,55746.66862399687,12.232130179849463,10.928572931913552,23.156211355358288,0.0,1
26620,"Huntsville, AL",2020,0,-2,201470.0,200800.0,11560078400.0,350,345,0.34042716199261963,840980.0,449,57570.11155378486,12.213395765909954,10.960758815374854,23.170823482174566,0.0,1
26620,"Huntsville, AL",2021,0,-1,213660.0,213430.0,13258691000.0,396,394,0.34042716199261963,840980.0,449,62121.96504708804,12.272141245499878,11.036854909844859,23.307919098882472,0.0,1
26620,"Huntsville, AL",2022,0,0,220570.0,220350.0,14250204900.0,391,389,0.34042716199261963,840980.0,449,64670.77331518039,12.303970383806634,11.07706465223493,23.380037122505062,0.0,1
26620,"Huntsville, AL",2023,1,1,229060.0,228390.0,15579460900.0,394,389,0.34042716199261963,840980.0,449,68214.28652743115,12.341739256951707,11.130409301768065,23.46921927473643,0.34042716199261963,1
26620,"Huntsville, AL",2024,1,2,237540.0,237300.0,16801593100.0,386,385,0.34042716199261963,840980.0,449,70803.17361989044,12.378091309328232,11.16765910381689,23.544739546240745,0.34042716199261963,1
26820,"Idaho Falls, ID",2019,0,-3,56990.0,56680.0,2567310800.0,224,220,0.30556192472869786,241890.0,323,45294.827099506,10.950631092829045,10.72094811288683,21.666124806691446,0.0,1
26820,"Idaho Falls, ID",2020,0,-2,56720.0,55410.0,2575421400.0,223,211,0.30556192472869786,241890.0,323,46479.361126150514,10.94588216120601,10.746763646296872,21.669279008158266,0.0,1
26820,"Idaho Falls, ID",2021,0,-1,61910.0,61230.0,3043876100.0,263,258,0.30556192472869786,241890.0,323,49712.16887146823,11.033436996513277,10.814005028623122,21.83639757309512,0.0,1
26820,"Idaho Falls, ID",2022,0,0,66270.0,65810.0,3523842900.0,273,270,0.30556192472869786,241890.0,323,53545.70581978423,11.101492585082273,10.88829088255376,21.982817964003925,0.0,1
26820,"Idaho Falls, ID",2023,1,1,69250.0,68640.0,3616000300.0,267,262,0.30556192472869786,241890.0,323,52680.657051282054,11.145478424049585,10.872003628279096,22.00863436244094,0.30556192472869786,1
26820,"Idaho Falls, ID",2024,1,2,70910.0,70390.0,3957641600.0,263,258,0.30556192472869786,241890.0,323,56224.48643273192,11.169166746298043,10.937107642641415,22.098914129243592,0.30556192472869786,1
26980,"Iowa City, IA",2019,0,-3,71750.0,69640.0,3258397700.0,237,233,0.31654503779651333,294930.0,349,46789.16858127513,11.180943133621868,10.753407014548191,21.904501408430317,0.0,1
26980,"Iowa City, IA",2020,0,-2,67480.0,65240.0,3188551800.0,236,231,0.31654503779651333,294930.0,349,48874.18454935622,11.119586536659904,10.797004612736332,21.88283266947128,0.0,1
26980,"Iowa City, IA",2021,0,-1,77170.0,76890.0,4231473200.0,291,290,0.31654503779651333,294930.0,349,55032.815710755625,11.25376605945165,10.915684935576657,22.165816043602884,0.0,1
26980,"Iowa City, IA",2022,0,0,78530.0,78060.0,4161199500.0,289,286,0.31654503779651333,294930.0,349,53307.705611068406,11.27123599636892,10.883836170268754,22.14906921100336,0.0,1
26980,"Iowa City, IA",2023,1,1,78680.0,78580.0,4486301400.0,296,294,0.31654503779651333,294930.0,349,57092.15321964877,11.273144272502995,10.952421964478432,22.224294457590883,0.31654503779651333,1
26980,"Iowa City, IA",2024,1,2,79790.0,79660.0,4785232400.0,290,288,0.31654503779651333,294930.0,349,60070.705498368065,11.287153462302326,11.003277572379336,22.28880042911497,0.31654503779651333,1
27060,"Ithaca, NY",2019,0,-3,37380.0,36880.0,1916993000.0,184,180,0.33178373803879885,136310.0,251,51979.20281995662,10.528891081009554,10.858598971793858,21.374023649464387,0.0,1
27060,"Ithaca, NY",2020,0,-2,33550.0,33280.0,1901679500.0,174,171,0.33178373803879885,136310.0,251,57141.81189903846,10.420792142399828,10.953291385100682,21.366003280035827,0.0,1
27060,"Ithaca, NY",2021,0,-1,32220.0,31540.0,1827313000.0,190,186,0.33178373803879885,136310.0,251,57936.3665187064,10.380342656730965,10.967100558254163,21.326112418771192,0.0,1
27060,"Ithaca, NY",2022,0,0,33160.0,32310.0,1939032400.0,198,192,0.33178373803879885,136310.0,251,60013.3828536057,10.409099609249232,11.002322863892925,21.385454922711467,0.0,1
27060,"Ithaca, NY",2023,1,1,40120.0,40080.0,2810184300.0,229,228,0.33178373803879885,136310.0,251,70114.37874251496,10.599630242075872,11.157883169571186,21.75651590532993,0.33178373803879885,1
27060,"Ithaca, NY",2024,1,2,39420.0,39330.0,2764294600.0,230,228,0.33178373803879885,136310.0,251,70284.63259598271,10.58202858070671,11.16030845640615,21.740051321832006,0.33178373803879885,1
27100,"Jackson, MI",2019,0,-3,41410.0,38440.0,1741552300.0,185,175,0.296647665832133,161640.0,259,45305.73100936524,10.631277676539613,10.721188815817131,21.27804267890136,0.0,1
27100,"Jackson, MI",2020,0,-2,33440.0,32630.0,1540030500.0,166,162,0.296647665832133,161640.0,259,47196.766779037695,10.417508067198638,10.762080668783268,21.155068058370635,0.0,1
27100,"Jackson, MI",2021,0,-1,43480.0,41980.0,2079964900.0,216,213,0.296647665832133,161640.0,259,49546.56741305383,10.680056341235145,10.810668262142629,21.455616855517253,0.0,1
27100,"Jackson, MI",2022,0,0,43310.0,43310.0,2273878700.0,207,207,0.296647665832133,161640.0,259,52502.394366197186,10.676138834208672,10.868614054514934,21.544752888723604,0.0,1
27100,"Jackson, MI",2023,1,1,45470.0,44070.0,2411498000.0,223,219,0.296647665832133,161640.0,259,54719.71862945314,10.724808046819057,10.909979410277604,21.60351396811364,0.296647665832133,1
27100,"Jackson, MI",2024,1,2,45810.0,44190.0,2482256400.0,223,220,0.296647665832133,161640.0,259,56172.35573659199,10.732257686880788,10.93618002405584,21.632433822180626,0.296647665832133,1
27140,"Jackson, MS",2019,0,-3,236630.0,235920.0,10180037000.0,369,365,0.30603441659871417,919530.0,489,43150.377246524244,12.374253018769098,10.672446439150628,23.043694482639786,0.0,1
27140,"Jackson, MS",2020,0,-2,224070.0,223000.0,9928492300.0,369,362,0.30603441659871417,919530.0,489,44522.38699551569,12.319713782019223,10.703747420203657,23.018674470645912,0.0,1
27140,"Jackson, MS",2021,0,-1,227950.0,226860.0,10319709300.0,419,413,0.30603441659871417,919530.0,489,45489.329542449086,12.336881585641587,10.725233061885401,23.057321427998435,0.0,1
27140,"Jackson, MS",2022,0,0,230880.0,230080.0,10989564200.0,430,423,0.30603441659871417,919530.0,489,47764.10031293463,12.349653374007698,10.774029596829752,23.120211950344572,0.0,1
27140,"Jackson, MS",2023,1,1,236650.0,235460.0,11790608700.0,423,417,0.30603441659871417,919530.0,489,50074.78425210227,12.374337535334394,10.821272852029525,23.190569178661715,0.30603441659871417,1
27140,"Jackson, MS",2024,1,2,252550.0,250320.0,13332173600.0,430,414,0.30603441659871417,919530.0,489,53260.520933205495,12.439364527896199,10.882950640266495,23.31344601860926,0.30603441659871417,1
27180,"Jackson, TN",2019,0,-3,51430.0,51340.0,2095465700.0,209,208,0.2796374791902001,216370.0,304,40815.45968056097,10.847976938768962,10.616816202361811,21.46304165678694,0.0,1
27180,"Jackson, TN",2020,0,-2,50470.0,50220.0,2072721700.0,213,211,0.2796374791902001,216370.0,304,41272.83353245719,10.829134379334308,10.627959778796754,21.45212841150833,0.0,1
27180,"Jackson, TN",2021,0,-1,56260.0,56260.0,2443262200.0,256,256,0.2796374791902001,216370.0,304,43428.05190188411,10.937739082043848,10.678860868475928,21.616599950519774,0.0,1
27180,"Jackson, TN",2022,0,0,58210.0,58040.0,2679384200.0,260,257,0.2796374791902001,216370.0,304,46164.441764300485,10.971812440265781,10.739965121949073,21.708852828947197,0.0,1
27180,"Jackson, TN",2023,1,1,58980.0,58880.0,2928757700.0,260,258,0.2796374791902001,216370.0,304,49741.12941576087,10.984953682369268,10.814587423488048,21.797844176890806,0.2796374791902001,1
27180,"Jackson, TN",2024,1,2,73320.0,72540.0,3726165300.0,280,275,0.2796374791902001,216370.0,304,51367.04301075269,11.20258870195364,10.846752059234012,22.038645472070904,0.2796374791902001,1
27260,"Jacksonville, FL",2019,0,-3,641780.0,640490.0,29946349400.0,443,433,0.31924358766468114,2609190.0,587,46755.37385439273,13.372000844816464,10.752684476867795,24.122673264262342,0.0,1
27260,"Jacksonville, FL",2020,0,-2,620870.0,619880.0,29968406000.0,438,431,0.31924358766468114,2609190.0,587,48345.495902432725,13.33887699922643,10.786128340439406,24.123409530340677,0.0,1
27260,"Jacksonville, FL",2021,0,-1,654980.0,653960.0,33751335100.0,524,518,0.31924358766468114,2609190.0,587,51610.702642363445,13.39235997980006,10.851484345511702,24.24228581200105,0.0,1
27260,"Jacksonville, FL",2022,0,0,691560.0,690680.0,38209117200.0,542,534,0.31924358766468114,2609190.0,587,55321.0129148086,13.446705194218712,10.920908095712452,24.366339994238817,0.0,1
27260,"Jacksonville, FL",2023,1,1,713360.0,712600.0,42294934800.0,548,543,0.31924358766468114,2609190.0,587,59352.98175694639,13.477741480808762,10.991257638993954,24.467933171147827,0.31924358766468114,1
27260,"Jacksonville, FL",2024,1,2,724620.0,723440.0,44715605500.0,540,532,0.31924358766468114,2609190.0,587,61809.694653323015,13.493402658497477,11.031815502555743,24.523588393970105,0.31924358766468114,1
27340,"Jacksonville, NC",2019,0,-3,38400.0,38370.0,1385834500.0,171,170,0.2924801605355842,159450.0,230,36117.65702371645,10.555812738575819,10.49453713897397,21.049568322214967,0.0,1
27340,"Jacksonville, NC",2020,0,-2,37340.0,37340.0,1416189300.0,167,167,0.2924801605355842,159450.0,230,37926.86930905195,10.527820417095713,10.543415092627667,21.07123550972338,0.0,1
27340,"Jacksonville, NC",2021,0,-1,40600.0,40550.0,1635686300.0,194,193,0.2924801605355842,159450.0,230,40337.51664611591,10.611523345589823,10.605037249031119,21.215328308574676,0.0,1
27340,"Jacksonville, NC",2022,0,0,43110.0,43060.0,1836182300.0,204,203,0.2924801605355842,159450.0,230,42642.412912215514,10.67151026774118,10.660604645236235,21.33095441615459,0.0,1
27340,"Jacksonville, NC",2023,1,1,44580.0,44470.0,2003209600.0,206,205,0.2924801605355842,159450.0,230,45046.31436923769,10.70504060693986,10.715446447686096,21.41801653119084,0.2924801605355842,1
27340,"Jacksonville, NC",2024,1,2,45580.0,45530.0,2140103300.0,212,211,0.2924801605355842,159450.0,230,47004.24555238304,10.727224302799675,10.757993207514373,21.4841199358432,0.2924801605355842,1
27500,"Janesville-Beloit, WI",2019,0,-3,55900.0,55830.0,2535514100.0,219,218,0.2875647692325625,222680.0,303,45414.90417338348,10.93131965914319,10.723595615912807,21.653662254217213,0.0,1
27500,"Janesville-Beloit, WI",2020,0,-2,53370.0,53250.0,2532493100.0,210,208,0.2875647692325625,222680.0,303,47558.5558685446,10.88500406932799,10.769716985931275,21.652470069502947,0.0,1
27500,"Janesville-Beloit, WI",2021,0,-1,56030.0,55960.0,2795203600.0,251,250,0.2875647692325625,222680.0,303,49950.028591851325,10.93364254055933,10.818778356485971,21.75117078526539,0.0,1
27500,"Janesville-Beloit, WI",2022,0,0,57380.0,57250.0,2951474400.0,247,244,0.2875647692325625,222680.0,303,51554.137991266376,10.957451089535356,10.850387757635097,21.805570679051584,0.0,1
27500,"Janesville-Beloit, WI",2023,1,1,59750.0,59460.0,3249546600.0,255,253,0.2875647692325625,222680.0,303,54650.968718466196,10.997924469793757,10.908722219311558,21.901781315863648,0.2875647692325625,1
27500,"Janesville-Beloit, WI",2024,1,2,60010.0,59730.0,3439179000.0,254,253,0.2875647692325625,222680.0,303,57578.75439477649,11.002266493983559,10.960908931330172,21.958498617056524,0.2875647692325625,1
27620,"Jefferson City, MO",2019,0,-3,58610.0,58140.0,2454950300.0,217,215,0.3381785346023809,239540.0,317,42224.807361541105,10.978660609470476,10.650763179475922,21.62137235358879,0.0,1
27620,"Jefferson City, MO",2020,0,-2,56620.0,54500.0,2451773600.0,200,186,0.3381785346023809,239540.0,317,44986.671559633025,10.94411755866589,10.714121537316547,21.620077517967882,0.0,1
27620,"Jefferson City, MO",2021,0,-1,61790.0,61790.0,2911578700.0,263,263,0.3381785346023809,239540.0,317,47120.5486324648,11.031496818055025,10.760464461561268,21.79196127961629,0.0,1
27620,"Jefferson City, MO",2022,0,0,62520.0,62420.0,3113124700.0,261,259,0.3381785346023809,239540.0,317,49873.833707145146,11.043241784535413,10.817251769600855,21.858892785425624,0.0,1
27620,"Jefferson City, MO",2023,1,1,63190.0,62890.0,3330821900.0,260,258,0.3381785346023809,239540.0,317,52962.66338050565,11.053901339767501,10.877342479763772,21.92648492730132,0.3381785346023809,1
27620,"Jefferson City, MO",2024,1,2,66340.0,66340.0,3657894700.0,274,274,0.3381785346023809,239540.0,317,55138.599638227315,11.102548312501044,10.91760528777773,22.020153600278775,0.3381785346023809,1
27740,"Johnson City, TN",2019,0,-3,62640.0,62560.0,2496226200.0,242,240,0.3109532087109848,256550.0,329,39901.31393861893,11.045159330664685,10.594164533128202,21.638045908347394,0.0,1
27740,"Johnson City, TN",2020,0,-2,58070.0,58020.0,2450793100.0,228,227,0.3109532087109848,256550.0,329,42240.4877628404,10.969404458366096,10.651134465729202,21.619677523404597,0.0,1
27740,"Johnson City, TN",2021,0,-1,66140.0,65610.0,2855448500.0,272,267,0.3109532087109848,256550.0,329,43521.54397195549,11.099528986535784,10.681011358197292,21.772494760536215,0.0,1
27740,"Johnson City, TN",2022,0,0,69700.0,69380.0,3238963800.0,279,277,0.3109532087109848,256550.0,329,46684.40184491208,11.151955596748616,10.75116538026043,21.89851930078417,0.0,1
27740,"Johnson City, TN",2023,1,1,70120.0,69930.0,3481307700.0,279,277,0.3109532087109848,256550.0,329,49782.74989274989,11.15796333903517,10.815423815310885,21.970673836008796,0.3109532087109848,1
27740,"Johnson City, TN",2024,1,2,70050.0,69870.0,3616198800.0,275,274,0.3109532087109848,256550.0,329,51756.10133104336,11.156964551765153,10.854297604294723,22.00868925584122,0.3109532087109848,1
27780,"Johnstown, PA",2019,0,-3,41690.0,41610.0,1667639500.0,180,179,0.29632439019610757,161560.0,256,40077.85388127854,10.638016570874843,10.59857918844883,21.234674990425816,0.0,1
27780,"Johnstown, PA",2020,0,-2,37820.0,37560.0,1541679400.0,179,176,0.29632439019610757,161560.0,256,41045.777422790205,10.540593342212448,10.622443245345842,21.15613817866804,0.0,1
27780,"Johnstown, PA",2021,0,-1,40990.0,40860.0,1761957100.0,214,211,0.29632439019610757,161560.0,256,43121.80861478218,10.621083413498383,10.671784148459809,21.289691016831423,0.0,1
27780,"Johnstown, PA",2022,0,0,41060.0,41000.0,1827710000.0,212,211,0.29632439019610757,161560.0,256,44578.29268292683,10.622789690572924,10.7050023083807,21.326329654067145,0.0,1
27780,"Johnstown, PA",2023,1,1,40640.0,40530.0,1933046800.0,212,210,0.29632439019610757,161560.0,256,47694.22156427338,10.612508082252363,10.772565528328041,21.382363247950398,0.29632439019610757,1
27780,"Johnstown, PA",2024,1,2,41460.0,41460.0,2088872100.0,218,218,0.29632439019610757,161560.0,256,50382.82923299566,10.63248438598977,10.827405706189984,21.459890092179755,0.29632439019610757,1
27860,"Jonesboro, AR",2019,0,-3,46530.0,46360.0,1805953600.0,200,197,0.2790087938867364,189130.0,265,38954.99568593615,10.747852544838695,10.570162302020147,21.314354599473837,0.0,1
27860,"Jonesboro, AR",2020,0,-2,43920.0,43640.0,1775655500.0,189,184,0.2790087938867364,189130.0,265,40688.71448212649,10.690125076183412,10.61370604752853,21.297435487475536,0.0,1
27860,"Jonesboro, AR",2021,0,-1,48530.0,48450.0,2070814500.0,227,225,0.2790087938867364,189130.0,265,42741.2693498452,10.789937442399262,10.662920227773377,21.451207845092288,0.0,1
27860,"Jonesboro, AR",2022,0,0,50150.0,50110.0,2290354200.0,233,232,0.2790087938867364,189130.0,265,45706.52963480343,10.822773793390082,10.729996447087316,21.551972315041088,0.0,1
27860,"Jonesboro, AR",2023,1,1,51240.0,51160.0,2495139800.0,242,240,0.2790087938867364,189130.0,265,48771.30179827991,10.84427575601067,10.794897340951504,21.637610596644283,0.2790087938867364,1
27860,"Jonesboro, AR",2024,1,2,52200.0,51990.0,2614692600.0,236,234,0.2790087938867364,189130.0,265,50292.22158107328,10.86283777387073,10.825605703594428,21.68441237497219,0.2790087938867364,1
28020,"Kalamazoo-Portage, MI",2019,0,-3,119340.0,118900.0,5519968100.0,301,295,0.3051112380593966,476730.0,406,46425.299411269974,11.689731841076073,10.745599835554335,22.43163791823321,0.0,1
28020,"Kalamazoo-Portage, MI",2020,0,-2,110050.0,109400.0,5318549100.0,292,285,0.3051112380593966,476730.0,406,48615.62248628885,11.608690086954608,10.791700208569656,22.394466377539676,0.0,1
28020,"Kalamazoo-Portage, MI",2021,0,-1,121250.0,121030.0,6243551100.0,351,349,0.3051112380593966,476730.0,406,51586.805750640335,11.70560980879973,10.851021216265224,22.554814943997872,0.0,1
28020,"Kalamazoo-Portage, MI",2022,0,0,126090.0,125970.0,6922592300.0,357,355,0.3051112380593966,476730.0,406,54954.293085655314,11.744751216667272,10.914257083907488,22.658056146253838,0.0,1
28020,"Kalamazoo-Portage, MI",2023,1,1,126430.0,126150.0,7308358400.0,350,346,0.3051112380593966,476730.0,406,57933.87554498613,11.747444074305943,10.967057562336034,22.712284516405237,0.3051112380593966,1
28020,"Kalamazoo-Portage, MI",2024,1,2,107280.0,106820.0,6459603700.0,321,318,0.3051112380593966,476730.0,406,60471.85639393372,11.58319751795556,11.009933352216146,22.588833806109907,0.3051112380593966,1
28100,"Kankakee, IL",2019,0,-3,35910.0,35670.0,1617672800.0,160,156,0.2830563450077114,136480.0,225,45351.07373142697,10.488771087220128,10.72218913181045,21.204254410163387,0.0,1
28100,"Kankakee, IL",2020,0,-2,32730.0,32520.0,1535030400.0,158,153,0.2830563450077114,136480.0,225,47202.656826568265,10.396047367495227,10.762205458687978,21.151816022349724,0.0,1
28100,"Kankakee, IL",2021,0,-1,32900.0,32620.0,1580229900.0,184,180,0.2830563450077114,136480.0,225,48443.589822194976,10.401227936753463,10.788155303554376,21.180836179729383,0.0,1
28100,"Kankakee, IL",2022,0,0,34940.0,34690.0,1812443100.0,190,187,0.2830563450077114,136480.0,225,52246.84635341597,10.461387583688047,10.863734811133087,21.317941551096883,0.0,1
28100,"Kankakee, IL",2023,1,1,33740.0,33610.0,1832315400.0,183,182,0.2830563450077114,136480.0,225,54516.971139541805,10.426439356099959,10.906267329233149,21.3288462499523,0.2830563450077114,1
28100,"Kankakee, IL",2024,1,2,35010.0,34980.0,1956061800.0,180,179,0.2830563450077114,136480.0,225,55919.43396226415,10.463389013948712,10.931667254579354,21.394199003151947,0.2830563450077114,1
28140,"Kansas City, MO-KS",2019,0,-3,984300.0,982720.0,49981159900.0,539,526,0.32051266440614196,3895210.0,658,50860.021063985674,13.799686007617304,10.836832453132251,24.634911969366847,0.0,1
28140,"Kansas City, MO-KS",2020,0,-2,938350.0,934560.0,50270698200.0,529,515,0.32051266440614196,3895210.0,658,53790.765921931175,13.751878292719418,10.89285709427971,24.640688203553847,0.0,1
28140,"Kansas City, MO-KS",2021,0,-1,969270.0,969100.0,53754740300.0,589,587,0.32051266440614196,3895210.0,658,55468.723867505934,13.784298489831507,10.923574606970796,24.707697691693436,0.0,1
28140,"Kansas City, MO-KS",2022,0,0,1003290.0,1002670.0,58269448000.0,591,584,0.32051266440614196,3895210.0,658,58114.28286475111,13.81879515775549,10.970166745067937,24.788343744914254,0.0,1
28140,"Kansas City, MO-KS",2023,1,1,1030860.0,1029510.0,63649791700.0,602,595,0.32051266440614196,3895210.0,658,61825.326320288295,13.845903963284067,11.032068370504087,24.876661889360026,0.32051266440614196,1
28140,"Kansas City, MO-KS",2024,1,2,1044610.0,1043690.0,67210047900.0,590,586,0.32051266440614196,3895210.0,658,64396.56210177352,13.859154167980828,11.072815527154662,24.931088595619595,0.32051266440614196,1
28420,"Kennewick-Richland, WA",2019,0,-3,99750.0,99620.0,5206173800.0,275,272,0.27640358613091986,413820.0,387,52260.3272435254,11.51042233475211,10.86399280089054,22.373111027517815,0.0,1
28420,"Kennewick-Richland, WA",2020,0,-2,97410.0,97180.0,5408484600.0,282,278,0.27640358613091986,413820.0,387,55654.29718048981,11.486684153765001,10.92691457170079,22.411234779660685,0.0,1
28420,"Kennewick-Richland, WA",2021,0,-1,105730.0,104850.0,6188775000.0,333,327,0.27640358613091986,413820.0,387,59025.035765379114,11.568643953726573,10.985716967889644,22.54600300421971,0.0,1
28420,"Kennewick-Richland, WA",2022,0,0,110930.0,110490.0,6868393700.0,338,335,0.27640358613091986,413820.0,387,62163.03466377048,11.616654650732706,11.03751580405209,22.65019610215931,0.0,1
28420,"Kennewick-Richland, WA",2023,1,1,113110.0,112660.0,7615370400.0,332,329,0.27640358613091986,413820.0,387,67596.04473637493,11.636116075525427,11.12130475050235,22.753434462951056,0.27640358613091986,1
28420,"Kennewick-Richland, WA",2024,1,2,115130.0,114600.0,8098329000.0,339,337,0.27640358613091986,413820.0,387,70666.04712041885,11.65381720366771,11.165720497783724,22.8149235810465,0.27640358613091986,1
28660,"Killeen-Temple, TX",2019,0,-3,119410.0,118230.0,5148447200.0,296,291,0.2984754452833217,493160.0,409,43546.03061828639,11.690318228527431,10.681573832737135,22.361960991594295,0.0,1
28660,"Killeen-Temple, TX",2020,0,-2,117740.0,115800.0,5291540000.0,302,296,0.2984754452833217,493160.0,409,45695.50949913644,11.676234082582253,10.729755311641656,22.38937515576269,0.0,1
28660,"Killeen-Temple, TX",2021,0,-1,123310.0,123130.0,5833500600.0,342,338,0.2984754452833217,493160.0,409,47376.76114675546,11.722456788864577,10.765887116295467,22.486883103082384,0.0,1
28660,"Killeen-Temple, TX",2022,0,0,132700.0,132700.0,6899029700.0,352,352,0.2984754452833217,493160.0,409,51989.67370007536,11.795846220320298,10.858800395152553,22.654646615472853,0.0,1
28660,"Killeen-Temple, TX",2023,1,1,135290.0,134810.0,7292078600.0,355,351,0.2984754452833217,493160.0,409,54091.525851197985,11.815175901597406,10.898432813955445,22.710054472640554,0.2984754452833217,1
28660,"Killeen-Temple, TX",2024,1,2,136970.0,135740.0,7369445800.0,360,355,0.2984754452833217,493160.0,409,54290.892883453664,11.827517202728867,10.902111773318936,22.720608343576686,0.2984754452833217,1
28740,"Kingston, NY",2019,0,-3,49790.0,49160.0,2378355500.0,203,197,0.29691408411830156,188240.0,270,48379.89218877136,10.815569439636228,10.786839555735975,21.589675119415947,0.0,1
28740,"Kingston, NY",2020,0,-2,44930.0,44260.0,2224664500.0,206,200,0.29691408411830156,188240.0,270,50263.5449615906,10.712861002064205,10.82503534107329,21.52287195467833,0.0,1
28740,"Kingston, NY",2021,0,-1,45940.0,45820.0,2399232900.0,240,237,0.29691408411830156,188240.0,270,52362.132256656485,10.73509147624309,10.865938942201867,21.598414898209352,0.0,1
28740,"Kingston, NY",2022,0,0,47580.0,47390.0,2631375200.0,235,232,0.29691408411830156,188240.0,270,55525.959063093476,10.770167783856948,10.924605921249091,21.690772436210725,0.0,1
28740,"Kingston, NY",2023,1,1,49320.0,49040.0,2846486900.0,257,252,0.29691408411830156,188240.0,270,58044.186378466555,10.80608495727828,10.968959833591745,21.76935140420184,0.29691408411830156,1
28740,"Kingston, NY",2024,1,2,50370.0,50080.0,3021795400.0,251,247,0.29691408411830156,188240.0,270,60339.36501597444,10.827151038739697,11.007739989223381,21.829116994997364,0.29691408411830156,1
28940,"Knoxville, TN",2019,0,-3,338450.0,337240.0,14767712000.0,436,427,0.3066004062748783,1404340.0,591,43789.91815917448,12.732131649936754,10.687158890855,23.415709012891615,0.0,1
28940,"Knoxville, TN",2020,0,-2,334170.0,332320.0,15339740500.0,445,431,0.3066004062748783,1404340.0,591,46159.54652142513,12.719405124507345,10.739859077074478,23.453712716184416,0.0,1
28940,"Knoxville, TN",2021,0,-1,357920.0,357630.0,17610818600.0,526,522,0.3066004062748783,1404340.0,591,49243.12445823896,12.788064776723957,10.804525031945708,23.591779243325867,0.0,1
28940,"Knoxville, TN",2022,0,0,373800.0,372880.0,19688002400.0,524,515,0.3066004062748783,1404340.0,591,52799.83479939927,12.8314761740036,10.874263340890202,23.703275271936825,0.0,1
28940,"Knoxville, TN",2023,1,1,385840.0,385580.0,21123779900.0,515,512,0.3066004062748783,1404340.0,591,54784.42839358888,12.863178054742853,10.911161279155216,23.773665252308678,0.3066004062748783,1
28940,"Knoxville, TN",2024,1,2,390610.0,390110.0,22580554500.0,507,503,0.3066004062748783,1404340.0,591,57882.53184999103,12.875464898735505,10.966170922877714,23.84035495249661,0.3066004062748783,1
29020,"Kokomo, IN",2019,0,-3,22810.0,21850.0,861336400.0,124,118,0.2720089001592881,91640.0,184,39420.430205949655,10.034954315278434,10.5820394940401,20.573995694563834,0.0,1
29020,"Kokomo, IN",2020,0,-2,20880.0,20750.0,835840600.0,113,110,0.2720089001592881,91640.0,184,40281.47469879518,9.946547041996576,10.603646957353863,20.54394848301271,0.0,1
29020,"Kokomo, IN",2021,0,-1,24380.0,23670.0,1057741000.0,154,151,0.2720089001592881,91640.0,184,44686.987748204476,10.101518403035262,10.70743763639342,20.77940133890145,0.0,1
29020,"Kokomo, IN",2022,0,0,23570.0,23370.0,1084341000.0,143,140,0.2720089001592881,91640.0,184,46398.84467265725,10.067729995930177,10.745029838608174,20.804238266141077,0.0,1
29020,"Kokomo, IN",2023,1,1,23440.0,23320.0,1164142300.0,138,136,0.2720089001592881,91640.0,184,49920.33876500858,10.06219924369095,10.818183789178308,20.875250429642737,0.2720089001592881,1
29020,"Kokomo, IN",2024,1,2,25030.0,25030.0,1306915700.0,148,148,0.2720089001592881,91640.0,184,52213.971234518576,10.12783038442582,10.863105386230202,20.990935770656023,0.2720089001592881,1
29100,"La Crosse-Onalaska, WI-MN",2019,0,-3,65790.0,65630.0,2937702900.0,245,243,0.29497258372741686,250220.0,330,44761.58616486363,11.094223130080044,10.709105598903962,21.80089378637173,0.0,1
29100,"La Crosse-Onalaska, WI-MN",2020,0,-2,59530.0,58900.0,2799553300.0,225,221,0.29497258372741686,250220.0,330,47530.61629881155,10.994235666147436,10.76912933604643,21.752725705686107,0.0,1
29100,"La Crosse-Onalaska, WI-MN",2021,0,-1,61690.0,61520.0,3081294000.0,270,269,0.29497258372741686,250220.0,330,50086.053315994795,11.029877122203684,10.821497871392655,21.84861547557218,0.0,1
29100,"La Crosse-Onalaska, WI-MN",2022,0,0,63210.0,62860.0,3402247500.0,274,269,0.29497258372741686,250220.0,330,54124.20458160993,11.054217795466345,10.899036769245026,21.947702079596585,0.0,1
29100,"La Crosse-Onalaska, WI-MN",2023,1,1,63230.0,62660.0,3422071800.0,278,275,0.29497258372741686,250220.0,330,54613.338653048195,11.054534151052659,10.908033429572054,21.953511994078237,0.29497258372741686,1
29100,"La Crosse-Onalaska, WI-MN",2024,1,2,73750.0,73320.0,4268169500.0,297,292,0.29497258372741686,250220.0,330,58212.89552645935,11.208436274202066,10.971862181795519,22.17445088374916,0.29497258372741686,1
29180,"Lafayette, LA",2019,0,-3,172200.0,171190.0,7004207800.0,318,312,0.288714632951289,664580.0,403,40914.818622583094,12.056411870975767,10.619247589921791,22.669776919690616,0.0,1
29180,"Lafayette, LA",2020,0,-2,156280.0,155140.0,6415917000.0,294,288,0.288714632951289,664580.0,403,41355.65940440892,11.959404549169006,10.629964556973109,22.582047771017972,0.0,1
29180,"Lafayette, LA",2021,0,-1,164540.0,164320.0,7250592100.0,326,325,0.288714632951289,664580.0,403,44124.830209347616,12.010908980722922,10.694777946281398,22.704348971443782,0.0,1
29180,"Lafayette, LA",2022,0,0,171560.0,171070.0,8185395700.0,339,334,0.288714632951289,664580.0,403,47848.224118781785,12.052688338630817,10.775789282687294,22.825617391133633,0.0,1
29180,"Lafayette, LA",2023,1,1,172180.0,171410.0,8383106600.0,340,332,0.288714632951289,664580.0,403,48906.75339828481,12.056295720211946,10.797670772231559,22.84948439873266,0.288714632951289,1
29180,"Lafayette, LA",2024,1,2,155140.0,153930.0,7783296300.0,304,300,0.288714632951289,664580.0,403,50563.868641590336,11.952083214044862,10.83099254174779,22.77524577435191,0.288714632951289,1
29200,"Lafayette-West Lafayette, IN",2019,0,-3,70240.0,68750.0,3014581100.0,244,238,0.28319517589458176,285750.0,349,43848.45236363637,11.159673228308998,10.688494703303743,21.82672671883256,0.0,1
29200,"Lafayette-West Lafayette, IN",2020,0,-2,66350.0,63710.0,2913049300.0,249,237,0.28319517589458176,285750.0,349,45723.58028566944,11.102699039760354,10.73036942380316,21.792466238913693,0.0,1
29200,"Lafayette-West Lafayette, IN",2021,0,-1,73200.0,72030.0,3567393200.0,295,292,0.28319517589458176,285750.0,349,49526.49173955296,11.200950699949402,10.810262992053115,21.995100969936523,0.0,1
29200,"Lafayette-West Lafayette, IN",2022,0,0,75960.0,75180.0,3854640900.0,293,285,0.28319517589458176,285750.0,349,51272.158818834796,11.237962164926222,10.844903170753668,22.07254368787184,0.0,1
29200,"Lafayette-West Lafayette, IN",2023,1,1,79840.0,79300.0,4272600800.0,302,298,0.28319517589458176,285750.0,349,53878.95081967213,11.287779910985346,10.89449515779707,22.17548856542001,0.28319517589458176,1
29200,"Lafayette-West Lafayette, IN",2024,1,2,82680.0,82020.0,4631831100.0,298,293,0.28319517589458176,285750.0,349,56471.97147037308,11.322733013795705,10.941499713875666,22.256218112821717,0.28319517589458176,1
29340,"Lake Charles, LA",2019,0,-3,80270.0,78410.0,3437615400.0,226,216,0.2721845224767254,310490.0,315,43841.54317051396,11.293151231125622,10.688337121059734,21.9580438702847,0.0,1
29340,"Lake Charles, LA",2020,0,-2,77850.0,74030.0,3366028900.0,219,214,0.2721845224767254,310490.0,315,45468.44387410509,11.262539177262145,10.724773823099609,21.93699951853675,0.0,1
29340,"Lake Charles, LA",2021,0,-1,73510.0,73420.0,3580606600.0,259,257,0.2721845224767254,310490.0,315,48768.81776082811,11.205176730368134,10.794846407295415,21.99879806434624,0.0,1
29340,"Lake Charles, LA",2022,0,0,78860.0,78630.0,4006185900.0,254,250,0.2721845224767254,310490.0,315,50949.83975581839,11.275429407431618,10.838596893519691,22.11110547850525,0.0,1
29340,"Lake Charles, LA",2023,1,1,79220.0,78780.0,4147430600.0,255,251,0.2721845224767254,310490.0,315,52645.729880680374,11.279984071175909,10.871340410392309,22.145754846917207,0.2721845224767254,1
29340,"Lake Charles, LA",2024,1,2,88480.0,88040.0,4716974900.0,255,251,0.2721845224767254,310490.0,315,53577.63402998637,11.390531816756162,10.888886984415265,22.274433520055663,0.2721845224767254,1
29420,"Lake Havasu City-Kingman, AZ",2019,0,-3,40800.0,40650.0,1623983600.0,185,183,0.27936601863071936,176690.0,262,39950.39606396064,10.616437360392252,10.595393865136783,21.208147980112738,0.0,1
29420,"Lake Havasu City-Kingman, AZ",2020,0,-2,40950.0,40780.0,1682053300.0,182,180,0.27936601863071936,176690.0,262,41247.01569396763,10.620107089281216,10.627334042332764,21.24328108646121,0.0,1
29420,"Lake Havasu City-Kingman, AZ",2021,0,-1,46650.0,46500.0,2020734400.0,213,211,0.27936601863071936,176690.0,262,43456.65376344086,10.75042820627549,10.679519255067007,21.426726846642453,0.0,1
29420,"Lake Havasu City-Kingman, AZ",2022,0,0,48290.0,48000.0,2259887500.0,218,214,0.27936601863071936,176690.0,262,47080.989583333336,10.784979778867587,10.759624580340512,21.53858087023054,0.0,1
29420,"Lake Havasu City-Kingman, AZ",2023,1,1,47940.0,47940.0,2434290800.0,217,217,0.27936601863071936,176690.0,262,50777.8639966625,10.777705507988376,10.835215790503588,21.612921298491962,0.27936601863071936,1
29420,"Lake Havasu City-Kingman, AZ",2024,1,2,48920.0,48880.0,2583885400.0,224,223,0.27936601863071936,176690.0,262,52861.81260229133,10.797941589801109,10.875436478192604,21.67256007203808,0.27936601863071936,1
29460,"Lakeland-Winter Haven, FL",2019,0,-3,200540.0,200110.0,8340787300.0,328,324,0.29217063292094225,849970.0,475,41681.01194343111,12.208769007077917,10.637800955005629,22.84442344934124,0.0,1
29460,"Lakeland-Winter Haven, FL",2020,0,-2,193330.0,192750.0,8445364700.0,320,313,0.29217063292094225,849970.0,475,43815.12166018158,12.172153852326547,10.687734280164895,22.856883571590473,0.0,1
29460,"Lakeland-Winter Haven, FL",2021,0,-1,221750.0,221160.0,10283872800.0,411,406,0.29217063292094225,849970.0,475,46499.696147585455,12.309305900171825,10.74720105709357,23.05384275754544,0.0,1
29460,"Lakeland-Winter Haven, FL",2022,0,0,234350.0,234030.0,11610908900.0,425,421,0.29217063292094225,849970.0,475,49612.90817416571,12.364571003350852,10.812006324301937,23.175210915552405,0.0,1
29460,"Lakeland-Winter Haven, FL",2023,1,1,239710.0,239540.0,12607585500.0,421,418,0.29217063292094225,849970.0,475,52632.4851799282,12.387185138367455,10.871088797068234,23.25756449356973,0.29217063292094225,1
29460,"Lakeland-Winter Haven, FL",2024,1,2,245000.0,244570.0,13641120700.0,415,410,0.29217063292094225,849970.0,475,55775.93613280451,12.409013489526863,10.929097803253194,23.33635464874315,0.29217063292094225,1
29540,"Lancaster, PA",2019,0,-3,222220.0,221280.0,9948236400.0,368,355,0.2793520156065269,872260.0,486,44957.684381778745,12.311423161138,10.713476979277202,23.02066112617579,0.0,1
29540,"Lancaster, PA",2020,0,-2,204420.0,203490.0,9659240700.0,361,347,0.2793520156065269,872260.0,486,47467.888839746425,12.227931979883067,10.767808736988794,22.991180879597028,0.0,1
29540,"Lancaster, PA",2021,0,-1,218610.0,218540.0,10883284100.0,420,419,0.2793520156065269,872260.0,486,49799.963851011256,12.295044599332437,10.815769537129173,23.11049388025391,0.0,1
29540,"Lancaster, PA",2022,0,0,227010.0,226960.0,11890561800.0,417,416,0.2793520156065269,872260.0,486,52390.56133239337,12.332749348356677,10.866481726839872,23.199010796322604,0.0,1
29540,"Lancaster, PA",2023,1,1,230360.0,230130.0,12742794200.0,424,420,0.2793520156065269,872260.0,486,55372.1557380611,12.34739858162061,10.921832142381527,23.26823178800298,0.2793520156065269,1
29540,"Lancaster, PA",2024,1,2,232440.0,232310.0,13269918400.0,425,423,0.2793520156065269,872260.0,486,57121.597864921874,12.356387406189041,10.952937570447869,23.30876553606288,0.2793520156065269,1
29620,"Lansing-East Lansing, MI",2019,0,-3,183050.0,182590.0,9180027300.0,357,350,0.33888084709202065,710260.0,467,50276.725450462785,12.117514618548382,10.82529753429982,22.940296015430597,0.0,1
29620,"Lansing-East Lansing, MI",2020,0,-2,165550.0,165370.0,8850540300.0,341,339,0.33888084709202065,710260.0,467,53519.62447844228,12.017028542975392,10.887803678305938,22.90374434495018,0.0,1
29620,"Lansing-East Lansing, MI",2021,0,-1,177570.0,177540.0,10008553900.0,402,401,0.33888084709202065,710260.0,467,56373.51526416582,12.087120176352881,10.939754739680614,23.026705954302923,0.0,1
29620,"Lansing-East Lansing, MI",2022,0,0,184090.0,183950.0,10744209500.0,415,412,0.33888084709202065,710260.0,467,58408.3147594455,12.123180047440608,10.975213534699717,23.097632795232638,0.0,1
29620,"Lansing-East Lansing, MI",2023,1,1,191610.0,191480.0,11822105400.0,423,422,0.33888084709202065,710260.0,467,61740.67996657614,12.163217335223745,11.030698311383519,23.193236954889965,0.33888084709202065,1
29620,"Lansing-East Lansing, MI",2024,1,2,191280.0,191100.0,11892873000.0,422,420,0.33888084709202065,710260.0,467,62233.76766091052,12.161493602132206,11.038653019855731,23.199205150084097,0.33888084709202065,1
29700,"Laredo, TX",2019,0,-3,90560.0,90430.0,3364515000.0,205,203,0.29605263754725786,348410.0,275,37205.7392458255,11.41376789343701,10.52421830916294,21.936549658897466,0.0,1
29700,"Laredo, TX",2020,0,-2,80930.0,80800.0,3007383200.0,189,187,0.29605263754725786,348410.0,275,37220.08910891089,11.301339862489748,10.524603924307048,21.824336168816235,0.0,1
29700,"Laredo, TX",2021,0,-1,87430.0,87430.0,3491692800.0,233,233,0.29605263754725786,348410.0,275,39937.01017957223,11.378593752174936,10.595058746370432,21.973652498545366,0.0,1
29700,"Laredo, TX",2022,0,0,89490.0,89310.0,3729915600.0,230,228,0.29605263754725786,348410.0,275,41763.69499496137,11.401882166176904,10.639782700322357,22.039651443000288,0.0,1
29700,"Laredo, TX",2023,1,1,93650.0,93320.0,4198589400.0,234,230,0.29605263754725786,348410.0,275,44991.313759108445,11.447319707872234,10.714224722544868,22.158014448680234,0.29605263754725786,1
29700,"Laredo, TX",2024,1,2,95350.0,95320.0,4466590200.0,239,238,0.29605263754725786,348410.0,275,46858.89844733529,11.465309611028566,10.754896204472965,22.219891135685643,0.29605263754725786,1
29740,"Las Cruces, NM",2019,0,-3,58250.0,58030.0,2353441900.0,225,222,0.29802473324328427,238980.0,310,40555.607444425295,10.972499371427947,10.610429334679173,21.579144731863828,0.0,1
29740,"Las Cruces, NM",2020,0,-2,56340.0,56220.0,2409039900.0,226,224,0.29802473324328427,238980.0,310,42850.22945570971,10.939160041430364,10.665466278870625,21.602494123331148,0.0,1
29740,"Las Cruces, NM",2021,0,-1,60190.0,60090.0,2691785600.0,262,261,0.29802473324328427,238980.0,310,44795.89948410717,11.005261504541817,10.7098718848414,21.713470602169373,0.0,1
29740,"Las Cruces, NM",2022,0,0,64200.0,64090.0,3047999800.0,256,254,0.29802473324328427,238980.0,310,47558.11827118115,11.069758489678053,10.769707784655738,21.83775140915401,0.0,1
29740,"Las Cruces, NM",2023,1,1,67630.0,67440.0,3400717500.0,271,269,0.29802473324328427,238980.0,310,50425.82295373666,11.121806950568986,10.82825868304098,21.947252275716718,0.29802473324328427,1
29740,"Las Cruces, NM",2024,1,2,68820.0,68740.0,3537340500.0,256,254,0.29802473324328427,238980.0,310,51459.710503345945,11.13924967935147,10.84855446015621,21.986641010560035,0.29802473324328427,1
29940,"Lawrence, KS",2019,0,-3,38760.0,38600.0,1508419200.0,177,176,0.31086157772447437,149610.0,246,39078.21761658031,10.565144066004702,10.573320496533716,21.13432805198664,0.0,1
29940,"Lawrence, KS",2020,0,-2,33140.0,33140.0,1408624000.0,173,173,0.31086157772447437,149610.0,246,42505.25045262522,10.408496290980555,10.657382887343832,21.065879178324387,0.0,1
29940,"Lawrence, KS",2021,0,-1,37590.0,37560.0,1696310800.0,207,206,0.31086157772447437,149610.0,246,45162.69435569755,10.534493336558224,10.71802667892181,21.25172161224401,0.0,1
29940,"Lawrence, KS",2022,0,0,40120.0,39990.0,1883354600.0,210,207,0.31086157772447437,149610.0,246,47095.63890972743,10.599630242075872,10.75993568356743,21.356320385408296,0.0,1
29940,"Lawrence, KS",2023,1,1,40960.0,40700.0,2060447600.0,208,205,0.31086157772447437,149610.0,246,50625.248157248156,10.62035125971339,10.832205706268395,21.44618907769908,0.31086157772447437,1
29940,"Lawrence, KS",2024,1,2,42640.0,42520.0,2303536700.0,210,208,0.31086157772447437,149610.0,246,54175.369238005645,10.660548058839726,10.899981642034414,21.557711474490297,0.31086157772447437,1
30020,"Lawton, OK",2019,0,-3,32090.0,31680.0,1158195300.0,170,166,0.3016042083983489,128870.0,240,36559.195075757576,10.376299734103902,10.506688008798301,20.870128854726662,0.0,1
30020,"Lawton, OK",2020,0,-2,30130.0,29670.0,1179037500.0,165,162,0.3016042083983489,128870.0,240,39738.37209302326,10.313276632124348,10.590072551326735,20.8879642646116,0.0,1
30020,"Lawton, OK",2021,0,-1,33410.0,33220.0,1434504100.0,214,213,0.3016042083983489,128870.0,240,43181.941601444916,10.416610535350802,10.673177668353048,21.084085051520333,0.0,1
30020,"Lawton, OK",2022,0,0,33240.0,33000.0,1506599600.0,204,203,0.3016042083983489,128870.0,240,45654.53333333333,10.411509248969384,10.728858187408742,21.13312102785736,0.0,1
30020,"Lawton, OK",2023,1,1,34250.0,34030.0,1616375100.0,200,199,0.3016042083983489,128870.0,240,47498.53364678225,10.441441843690372,10.768454118952167,21.20345188644712,0.3016042083983489,1
30020,"Lawton, OK",2024,1,2,35370.0,35210.0,1735501300.0,204,201,0.3016042083983489,128870.0,240,49290.01136040897,10.473619282199527,10.805476730180407,21.274562142329504,0.3016042083983489,1
30140,"Lebanon, PA",2019,0,-3,40340.0,40140.0,1670518000.0,172,168,0.2619773168049099,160610.0,241,41617.28948679622,10.605098811508203,10.636270972569704,21.236399594920034,0.0,1
30140,"Lebanon, PA",2020,0,-2,37860.0,37560.0,1672333000.0,175,171,0.2619773168049099,160610.0,241,44524.307774227906,10.541650424763313,10.703790561135895,21.23748549445809,0.0,1
30140,"Lebanon, PA",2021,0,-1,40820.0,40170.0,1890847400.0,203,201,0.2619773168049099,160610.0,241,47071.132686084144,10.616927436363836,10.759415197969778,21.360290925323106,0.0,1
30140,"Lebanon, PA",2022,0,0,41590.0,41550.0,2014378600.0,203,202,0.2619773168049099,160610.0,241,48480.83273164862,10.635615032736958,10.78892379740361,21.423576597687205,0.0,1
30140,"Lebanon, PA",2023,1,1,44340.0,44340.0,2328893900.0,211,211,0.2619773168049099,160610.0,241,52523.543076229136,10.699642483170303,10.869016787607974,21.568659270778276,0.2619773168049099,1
30140,"Lebanon, PA",2024,1,2,45050.0,45020.0,2479807800.0,210,209,0.2619773168049099,160610.0,241,55082.35895157708,10.715528263036484,10.9165847796593,21.63144689412002,0.2619773168049099,1
30300,"Lewiston, ID-WA",2019,0,-3,18670.0,18480.0,822396700.0,133,130,0.2779121272942766,79490.0,189,44501.98593073593,9.834673236535767,10.703289094815535,20.52773344001121,0.0,1
30300,"Lewiston, ID-WA",2020,0,-2,18540.0,18540.0,850962300.0,128,128,0.2779121272942766,79490.0,189,45898.7216828479,9.827685839119846,10.73419254561393,20.561878384733777,0.0,1
30300,"Lewiston, ID-WA",2021,0,-1,20800.0,20770.0,1029282500.0,160,159,0.2779121272942766,79490.0,189,49556.21088107848,9.94270826568941,10.810862877636183,20.75212779450634,0.0,1
30300,"Lewiston, ID-WA",2022,0,0,21480.0,21420.0,1093384700.0,163,162,0.2779121272942766,79490.0,189,51045.03734827264,9.974877548622802,10.840463607276325,20.812543951278066,0.0,1
30300,"Lewiston, ID-WA",2023,1,1,22090.0,22030.0,1210569600.0,166,165,0.2779121272942766,79490.0,189,54950.95778483886,10.002880296414164,10.914196389795222,20.91435682959161,0.2779121272942766,1
30300,"Lewiston, ID-WA",2024,1,2,21280.0,21280.0,1180219600.0,149,149,0.2779121272942766,79490.0,189,55461.44736842105,9.96552294345558,10.923443416348547,20.888966359804126,0.2779121272942766,1
30460,"Lexington-Fayette, KY",2019,0,-3,227830.0,226330.0,10153017000.0,370,363,0.30464527980933936,925990.0,494,44859.35138956391,12.336355015793096,10.71128734942228,23.04103673964605,0.0,1
30460,"Lexington-Fayette, KY",2020,0,-2,220520.0,218640.0,10257652900.0,363,356,0.30464527980933936,925990.0,494,46915.7194474936,12.30374367270362,10.75610806773379,23.051289888335738,0.0,1
30460,"Lexington-Fayette, KY",2021,0,-1,236120.0,235640.0,11615866400.0,441,439,0.30464527980933936,925990.0,494,49294.96859616364,12.372095429354626,10.805577297949677,23.1756377935853,0.0,1
30460,"Lexington-Fayette, KY",2022,0,0,241520.0,240240.0,12581535700.0,439,431,0.30464527980933936,925990.0,494,52370.694721944725,12.39470756438072,10.866102452832761,23.255496155489972,0.0,1
30460,"Lexington-Fayette, KY",2023,1,1,254880.0,253200.0,14329078300.0,443,439,0.30464527980933936,925990.0,494,56591.936413902054,12.448548125143876,10.943621787856527,23.385556757108684,0.30464527980933936,1
30460,"Lexington-Fayette, KY",2024,1,2,256160.0,254850.0,14972216500.0,429,427,0.30464527980933936,925990.0,494,58749.13282322935,12.453557528230542,10.981031671441798,23.429462087209988,0.30464527980933936,1
30620,"Lima, OH",2019,0,-3,40880.0,40760.0,1771172600.0,195,194,0.27578590553878274,158750.0,261,43453.69479882238,10.618396224877586,10.679451162724297,21.294907650060956,0.0,1
30620,"Lima, OH",2020,0,-2,36190.0,35740.0,1605149400.0,180,177,0.27578590553878274,158750.0,261,44911.84667039732,10.496538116557788,10.712456884595063,21.196482673308484,0.0,1
30620,"Lima, OH",2021,0,-1,40820.0,40720.0,1958510400.0,224,222,0.27578590553878274,158750.0,261,48097.013752455794,10.616927436363836,10.780975370018023,21.39545002124243,0.0,1
30620,"Lima, OH",2022,0,0,40860.0,40720.0,2042451500.0,222,221,0.27578590553878274,158750.0,261,50158.43565815324,10.617906868371612,10.822941987782064,21.437416639006468,0.0,1
30620,"Lima, OH",2023,1,1,41730.0,41450.0,2199767300.0,225,223,0.27578590553878274,158750.0,261,53070.38118214717,10.638975573585599,10.879374258425639,21.51161741898908,0.27578590553878274,1
30620,"Lima, OH",2024,1,2,41780.0,41570.0,2301228500.0,214,213,0.27578590553878274,158750.0,261,55357.91436131826,10.640173035110557,10.921574915472728,21.55670894771941,0.27578590553878274,1
30700,"Lincoln, NE",2019,0,-3,163460.0,161980.0,7690505700.0,370,365,0.32329312482973294,635970.0,477,47478.11890356834,12.00432359107012,10.76802422922706,22.76325237903004,0.0,1
30700,"Lincoln, NE",2020,0,-2,154330.0,153040.0,7575324800.0,347,341,0.32329312482973294,635970.0,477,49498.985886042865,11.946848445894878,10.809707461196268,22.748162065310403,0.0,1
30700,"Lincoln, NE",2021,0,-1,157820.0,157400.0,8077193000.0,418,413,0.32329312482973294,635970.0,477,51316.346886912324,11.969210422075026,10.845764633166173,22.812310248131613,0.0,1
30700,"Lincoln, NE",2022,0,0,160360.0,160050.0,8808077900.0,411,407,0.32329312482973294,635970.0,477,55033.28897219619,11.985176566756444,10.915693535162188,22.898935080560197,0.0,1
30700,"Lincoln, NE",2023,1,1,165950.0,165550.0,9590681600.0,423,420,0.32329312482973294,635970.0,477,57932.23557837511,12.01944181714812,10.967029254376179,22.98405779735157,0.32329312482973294,1
30700,"Lincoln, NE",2024,1,2,167820.0,167490.0,10124985600.0,418,414,0.32329312482973294,635970.0,477,60451.28425577647,12.03064725542406,11.009593100743265,23.03827202771578,0.32329312482973294,1
30780,"Little Rock-North Little Rock-Conway, AR",2019,0,-3,315500.0,313380.0,14174806300.0,417,409,0.3164570316897941,1245090.0,527,45232.00682877018,12.661913960963405,10.719560230905463,23.37473202156386,0.0,1
30780,"Little Rock-North Little Rock-Conway, AR",2020,0,-2,303190.0,302940.0,14371008300.0,404,401,0.3164570316897941,1245090.0,527,47438.464052287585,12.622114950676108,10.767188656509353,23.38847870159037,0.0,1
30780,"Little Rock-North Little Rock-Conway, AR",2021,0,-1,306960.0,306320.0,14995327800.0,461,459,0.3164570316897941,1245090.0,527,48953.14638286759,12.634472724920833,10.798618923377475,23.431004509528652,0.0,1
30780,"Little Rock-North Little Rock-Conway, AR",2022,0,0,319440.0,317860.0,16248895600.0,468,464,0.3164570316897941,1245090.0,527,51119.66148618889,12.674324741737102,10.84192446708483,23.51129078033564,0.0,1
30780,"Little Rock-North Little Rock-Conway, AR",2023,1,1,329210.0,328280.0,17755624400.0,475,472,0.3164570316897941,1245090.0,527,54086.829535762154,12.704451123994406,10.898345988537885,23.59996817028153,0.3164570316897941,1
30780,"Little Rock-North Little Rock-Conway, AR",2024,1,2,334470.0,333390.0,18539141800.0,472,467,0.3164570316897941,1245090.0,527,55607.972044752394,12.720302468429727,10.926081852060307,23.64315010690811,0.3164570316897941,1
30860,"Logan, UT-ID",2019,0,-3,45370.0,45120.0,1835490700.0,214,211,0.2991960804168303,197000.0,309,40680.201684397165,10.72260637265801,10.613496807977079,21.330577694149017,0.0,1
30860,"Logan, UT-ID",2020,0,-2,45290.0,44990.0,1886867200.0,213,210,0.2991960804168303,197000.0,309,41939.70215603468,10.72084153655026,10.64398820276247,21.358183724597687,0.0,1
30860,"Logan, UT-ID",2021,0,-1,51400.0,51400.0,2334164900.0,246,246,0.2991960804168303,197000.0,309,45411.768482490275,10.847393451443256,10.72352656811434,21.570920019557597,0.0,1
30860,"Logan, UT-ID",2022,0,0,54940.0,54580.0,2656104900.0,258,252,0.2991960804168303,197000.0,309,48664.4356907292,10.913996959649264,10.792703769000271,21.7001265632626,0.0,1
30860,"Logan, UT-ID",2023,1,1,54900.0,54900.0,2889053900.0,262,262,0.2991960804168303,197000.0,309,52623.932604735885,10.913268627497622,10.87092628773358,21.7841949152312,0.2991960804168303,1
30860,"Logan, UT-ID",2024,1,2,56490.0,56080.0,3053917500.0,249,247,0.2991960804168303,197000.0,309,54456.446148359486,10.941818910319308,10.905156507917047,21.839691029625516,0.2991960804168303,1
30980,"Longview, TX",2019,0,-3,81660.0,81410.0,3499549400.0,261,257,0.2798312407994219,320860.0,355,42986.726446382505,11.310319564873566,10.66864665972854,21.975900054296563,0.0,1
30980,"Longview, TX",2020,0,-2,74780.0,74490.0,3293651600.0,245,240,0.2798312407994219,320860.0,355,44216.02362733253,11.222305748531104,10.696842527874557,21.915262695044877,0.0,1
30980,"Longview, TX",2021,0,-1,80420.0,80420.0,3708122600.0,294,294,0.2798312407994219,320860.0,355,46109.45784630689,11.295018180451265,10.738773367298336,22.0337915477496,0.0,1
30980,"Longview, TX",2022,0,0,84000.0,83900.0,4040950800.0,288,286,0.2798312407994219,320860.0,355,48163.895113230035,11.33857207782545,10.782364955309175,22.119745847764474,0.0,1
30980,"Longview, TX",2023,1,1,86950.0,86890.0,4549271400.0,289,288,0.2798312407994219,320860.0,355,52356.673955576014,11.37308851978243,10.865834695385411,22.23823292521866,0.2798312407994219,1
30980,"Longview, TX",2024,1,2,105850.0,105850.0,5647948300.0,323,323,0.2798312407994219,320860.0,355,53358.03778932452,11.569778276563012,10.884779906849726,22.454558183412736,0.2798312407994219,1
31080,"Los Angeles-Long Beach-Anaheim, CA",2019,0,-3,5715030.0,5681260.0,336174324300.0,635,618,0.3134955925410874,22090530.0,726,59172.4941826285,15.558610104541103,10.988212087606883,26.54089568468928,0.0,1
31080,"Los Angeles-Long Beach-Anaheim, CA",2020,0,-2,5289720.0,5251040.0,329568389500.0,621,601,0.3134955925410874,22090530.0,726,62762.49838127304,15.481275872376926,11.047113014551654,26.521049724739285,0.0,1
31080,"Los Angeles-Long Beach-Anaheim, CA",2021,0,-1,5372840.0,5365750.0,355124705400.0,653,644,0.3134955925410874,22090530.0,726,66183.61000792061,15.496867190745329,11.100188128309455,26.595734847553366,0.0,1
31080,"Los Angeles-Long Beach-Anaheim, CA",2022,0,0,5712940.0,5674530.0,392678118400.0,668,657,0.3134955925410874,22090530.0,726,69200.11320761367,15.558244335288418,11.144757777552597,26.696256076071364,0.0,1
31080,"Los Angeles-Long Beach-Anaheim, CA",2023,1,1,5876680.0,5842470.0,428048500300.0,691,679,0.3134955925410874,22090530.0,726,73264.98900293882,15.586502534563268,11.201838133972323,26.7825023445661,0.3134955925410874,1
31080,"Los Angeles-Long Beach-Anaheim, CA",2024,1,2,5834690.0,5817280.0,440887852000.0,670,663,0.3134955925410874,22090530.0,726,75789.34691127125,15.579331694613662,11.23571301968584,26.812056376197674,0.3134955925410874,1
31140,"Louisville/Jefferson County, KY-IN",2019,0,-3,574280.0,571880.0,26411514000.0,453,444,0.2978529811595998,2283300.0,602,46183.664405119955,13.26087236124163,10.740381430239397,23.997065888382497,0.0,1
31140,"Louisville/Jefferson County, KY-IN",2020,0,-2,544010.0,541550.0,25977864500.0,457,447,0.2978529811595998,2283300.0,602,47969.46634659773,13.206722908022067,10.778319969702057,23.98051064696594,0.0,1
31140,"Louisville/Jefferson County, KY-IN",2021,0,-1,575320.0,574890.0,29336522500.0,533,528,0.2978529811595998,2283300.0,602,51029.80135330237,13.262681686717826,10.840165081307003,24.102099078437654,0.0,1
31140,"Louisville/Jefferson County, KY-IN",2022,0,0,589690.0,588670.0,32172332600.0,545,538,0.2978529811595998,2283300.0,602,54652.577165474715,13.28735225406967,10.908751650141008,24.194372684117067,0.0,1
31140,"Louisville/Jefferson County, KY-IN",2023,1,1,612200.0,611280.0,34656502200.0,538,530,0.2978529811595998,2283300.0,602,56694.97153513938,13.32481430549345,10.94544080033578,24.268751198657228,0.2978529811595998,1
31140,"Louisville/Jefferson County, KY-IN",2024,1,2,636870.0,634980.0,37333081000.0,537,529,0.2978529811595998,2283300.0,602,58794.10532615201,13.364320832094156,10.981796879306158,24.343145660621982,0.2978529811595998,1
31180,"Lubbock, TX",2019,0,-3,127590.0,127390.0,5368403900.0,304,302,0.30070271373700724,517880.0,418,42141.48598791114,11.756577276915788,10.648787949857265,22.403796475961098,0.0,1
31180,"Lubbock, TX",2020,0,-2,123420.0,123300.0,5256481800.0,307,305,0.30070271373700724,517880.0,418,42631.64476885645,11.723348451875058,10.660352091441819,22.382727780594255,0.0,1
31180,"Lubbock, TX",2021,0,-1,131490.0,131490.0,5790926000.0,357,357,0.30070271373700724,517880.0,418,44040.80918701042,11.786686082080964,10.692871964578137,22.4795580466591,0.0,1
31180,"Lubbock, TX",2022,0,0,135380.0,135380.0,6349511400.0,351,351,0.30070271373700724,517880.0,418,46901.39902496676,11.815840918062598,10.755802783946114,22.57164370200871,0.0,1
31180,"Lubbock, TX",2023,1,1,137430.0,137240.0,6727096800.0,351,348,0.30070271373700724,517880.0,418,49017.02710580006,11.830869975548897,10.79992300868652,22.629409505658906,0.30070271373700724,1
31180,"Lubbock, TX",2024,1,2,150910.0,150860.0,7768830300.0,370,369,0.30070271373700724,517880.0,418,51496.95280392417,11.924438911612596,10.849277916045441,22.773385449453063,0.30070271373700724,1
31340,"Lynchburg, VA",2019,0,-3,86500.0,85670.0,3686713100.0,286,280,0.28906857742735376,335460.0,369,43033.88700828762,11.36789969291997,10.669743154271794,22.028001139229882,0.0,1
31340,"Lynchburg, VA",2020,0,-2,79520.0,77120.0,3431400800.0,259,253,0.28906857742735376,335460.0,369,44494.30497925311,11.283763841330456,10.703116481970136,21.956234411254563,0.0,1
31340,"Lynchburg, VA",2021,0,-1,83380.0,82000.0,3842840900.0,316,311,0.28906857742735376,335460.0,369,46863.913414634146,11.331163751434788,10.75500322147777,22.06947774772416,0.0,1
31340,"Lynchburg, VA",2022,0,0,86060.0,85770.0,4268191400.0,316,312,0.28906857742735376,335460.0,369,49763.220240177216,11.362800006392591,10.815031440756753,22.17445601474122,0.0,1
31340,"Lynchburg, VA",2023,1,1,87530.0,86880.0,4564191800.0,317,313,0.28906857742735376,335460.0,369,52534.436003683244,11.379736870726484,10.86922415743535,22.24150729260311,0.28906857742735376,1
31340,"Lynchburg, VA",2024,1,2,87470.0,87410.0,4891864500.0,323,322,0.28906857742735376,335460.0,369,55964.58643175838,11.379051156413901,10.932474384530288,22.31083935610482,0.28906857742735376,1
31540,"Madison, WI",2019,0,-3,354820.0,354190.0,19053084200.0,444,439,0.3369227835949498,1423500.0,556,53793.399587791864,12.779365897614639,10.892906054381761,23.670494825677157,0.0,1
31540,"Madison, WI",2020,0,-2,342660.0,341930.0,19504241000.0,440,433,0.3369227835949498,1423500.0,556,57041.61962974878,12.744493980886963,10.951536449315997,23.693897766048693,0.0,1
31540,"Madison, WI",2021,0,-1,358930.0,357670.0,21205969500.0,499,492,0.3369227835949498,1423500.0,556,59289.20373528672,12.790882662385737,10.990182506611006,23.777548559176797,0.0,1
31540,"Madison, WI",2022,0,0,367090.0,366730.0,22815768800.0,507,503,0.3369227835949498,1423500.0,556,62214.07793199357,12.81336232857998,11.038336586429544,23.850717747887124,0.0,1
31540,"Madison, WI",2023,1,1,375000.0,373610.0,24482588600.0,521,515,0.3369227835949498,1423500.0,556,65529.80005888493,12.834681304952548,11.090260280890249,23.921228032464143,0.3369227835949498,1
31540,"Madison, WI",2024,1,2,384270.0,383610.0,26038863200.0,512,505,0.3369227835949498,1423500.0,556,67878.47866322567,12.859100709493292,11.125474306946531,23.982855997419854,0.3369227835949498,1
31740,"Manhattan, KS",2019,0,-3,28280.0,27920.0,1097097800.0,159,155,0.3065666776276829,116400.0,232,39294.33381088825,10.24991012001051,10.578835609622734,20.815934166499044,0.0,1
31740,"Manhattan, KS",2020,0,-2,27350.0,26960.0,1110958500.0,167,162,0.3065666776276829,116400.0,232,41207.65949554896,10.216471807850127,10.626379428144618,20.82848899317086,0.0,1
31740,"Manhattan, KS",2021,0,-1,29250.0,29210.0,1292259100.0,188,187,0.3065666776276829,116400.0,232,44240.29784320438,10.283634852660002,10.697391368614882,20.97965776399667,0.0,1
31740,"Manhattan, KS",2022,0,0,31520.0,31520.0,1481502800.0,200,200,0.3065666776276829,116400.0,232,47001.992385786805,10.358377543971816,10.757945270980668,21.116322814952483,0.0,1
31740,"Manhattan, KS",2023,1,1,32510.0,32090.0,1622138600.0,203,199,0.3065666776276829,116400.0,232,50549.66033032097,10.389303013297951,10.830711504946734,21.207011239050637,0.3065666776276829,1
31740,"Manhattan, KS",2024,1,2,43890.0,43770.0,2322012500.0,235,234,0.3065666776276829,116400.0,232,53050.319853781126,10.68944178268228,10.878996173312947,21.56570010349789,0.3065666776276829,1
31900,"Mansfield, OH",2019,0,-3,37770.0,37540.0,1502660100.0,179,175,0.28119396286647447,150890.0,242,40028.239211507724,10.539270415706502,10.59734046429691,21.13050277443741,0.0,1
31900,"Mansfield, OH",2020,0,-2,34920.0,34650.0,1419135400.0,170,168,0.28119396286647447,150890.0,242,40956.2886002886,10.460815009953539,10.620260645263508,21.073313649881555,0.0,1
31900,"Mansfield, OH",2021,0,-1,39170.0,39140.0,1734478700.0,206,205,0.28119396286647447,150890.0,242,44314.734287174244,10.575666426659877,10.699072503152587,21.273972744102654,0.0,1
31900,"Mansfield, OH",2022,0,0,39030.0,38880.0,1814263100.0,203,201,0.28119396286647447,150890.0,242,46663.14557613169,10.57208586017466,10.750709958136655,21.318945216711032,0.0,1
31900,"Mansfield, OH",2023,1,1,39530.0,39360.0,1953684600.0,213,210,0.28119396286647447,150890.0,242,49636.295731707316,10.58481515629073,10.812477613885209,21.3929829650514,0.28119396286647447,1
31900,"Mansfield, OH",2024,1,2,41250.0,41200.0,2163883800.0,221,220,0.28119396286647447,150890.0,242,52521.45145631068,10.627406391762827,10.86897696429363,21.495170499631246,0.28119396286647447,1
32420,"Mayaguez, PR",2019,0,-3,20850.0,20770.0,499995500.0,112,110,0.30734475610749684,86700.0,160,24072.965816080887,9.945109227226947,10.088844739475809,20.030109656345967,0.0,1
32420,"Mayaguez, PR",2020,0,-2,19170.0,19040.0,468391800.0,106,104,0.30734475610749684,86700.0,160,24600.409663865546,9.86110183603969,10.110518374784458,19.964815683129814,0.0,1
32420,"Mayaguez, PR",2021,0,-1,22860.0,22860.0,584377800.0,133,133,0.30734475610749684,86700.0,160,25563.333333333332,10.037143937348802,10.148914312090795,20.186058249439597,0.0,1
32420,"Mayaguez, PR",2022,0,0,23820.0,23820.0,647757800.0,138,138,0.30734475610749684,86700.0,160,27193.86230058774,10.07828084290929,10.21074657610745,20.28902741901674,0.0,1
32420,"Mayaguez, PR",2023,1,1,24910.0,24910.0,719471400.0,132,132,0.30734475610749684,86700.0,160,28882.83420313127,10.123024608256227,10.271002725419157,20.394027333675382,0.30734475610749684,1
32420,"Mayaguez, PR",2024,1,2,45360.0,45190.0,1331372500.0,188,185,0.30734475610749684,86700.0,160,29461.661872095596,10.722385938401633,10.290845099562558,21.009476201967885,0.30734475610749684,1
32580,"McAllen-Edinburg-Mission, TX",2019,0,-3,231760.0,231290.0,8451572600.0,305,299,0.28074022462772596,970120.0,449,36541.02036404514,12.353457632443233,10.506190754119157,22.857618367508703,0.0,1
32580,"McAllen-Edinburg-Mission, TX",2020,0,-2,231530.0,224510.0,8464988900.0,316,306,0.28074022462772596,970120.0,449,37704.28444167298,12.352464733745244,10.53752901264664,22.8592045412489,0.0,1
32580,"McAllen-Edinburg-Mission, TX",2021,0,-1,246740.0,246570.0,9614428500.0,384,383,0.28074022462772596,970120.0,449,38992.69375836477,12.416090429625456,10.571129568032433,22.98653077584309,0.0,1
32580,"McAllen-Edinburg-Mission, TX",2022,0,0,260090.0,259800.0,10602226200.0,394,393,0.28074022462772596,970120.0,449,40809.184757505776,12.468783003946399,10.616662451662846,23.084329834881483,0.0,1
32580,"McAllen-Edinburg-Mission, TX",2023,1,1,268390.0,267830.0,11396925800.0,382,377,0.28074022462772596,970120.0,449,42552.83500728074,12.50019642556143,10.658501759450168,23.1566094893136,0.28074022462772596,1
32580,"McAllen-Edinburg-Mission, TX",2024,1,2,274730.0,274440.0,12283812800.0,388,384,0.28074022462772596,970120.0,449,44759.55691590147,12.523544076167706,10.709060263268318,23.231548200073146,0.28074022462772596,1
32780,"Medford, OR",2019,0,-3,72790.0,72430.0,3326250200.0,268,264,0.28844454424499694,295850.0,361,45923.653182382994,11.195333862112303,10.73473558319457,21.925111440383944,0.0,1
32780,"Medford, OR",2020,0,-2,72240.0,72100.0,3449380300.0,275,273,0.28844454424499694,295850.0,361,47841.61303744799,11.187749188090867,10.775651105394056,21.961460428667095,0.0,1
32780,"Medford, OR",2021,0,-1,74730.0,74560.0,3834135500.0,305,302,0.28844454424499694,295850.0,361,51423.49114806867,11.221636896924336,10.847850373265597,22.06720982262507,0.0,1
32780,"Medford, OR",2022,0,0,76090.0,75920.0,4173106200.0,309,307,0.28844454424499694,295850.0,361,54967.152265542674,11.239672129170568,10.914491054265227,22.151926487549037,0.0,1
32780,"Medford, OR",2023,1,1,77930.0,77810.0,4529845600.0,321,318,0.28844454424499694,295850.0,361,58216.753630638734,11.263566266837607,10.9719284553643,22.233953691975277,0.28844454424499694,1
32780,"Medford, OR",2024,1,2,78330.0,78260.0,4759389100.0,327,326,0.28844454424499694,295850.0,361,60815.09200102223,11.268685950361284,11.015593260852876,22.28338515661728,0.28844454424499694,1
32820,"Memphis, TN-MS-AR",2019,0,-3,569880.0,566990.0,25202631800.0,477,467,0.2857766803193313,2267330.0,613,44449.87001534419,13.253181091331168,10.702117316648556,23.950214262518614,0.0,1
32820,"Memphis, TN-MS-AR",2020,0,-2,542020.0,540500.0,24839397600.0,477,468,0.2857766803193313,2267330.0,613,45956.332284921365,13.203058180109984,10.735446926448494,23.935696842509895,0.0,1
32820,"Memphis, TN-MS-AR",2021,0,-1,570890.0,570210.0,28227657300.0,550,545,0.2857766803193313,2267330.0,613,49503.967485663175,13.254951825596454,10.809808096570363,24.063568089583356,0.0,1
32820,"Memphis, TN-MS-AR",2022,0,0,584540.0,582590.0,30404924700.0,543,531,0.2857766803193313,2267330.0,613,52189.23204998369,13.278580492112175,10.862631470024192,24.137870428949064,0.0,1
32820,"Memphis, TN-MS-AR",2023,1,1,585750.0,585440.0,32574250300.0,553,550,0.2857766803193313,2267330.0,613,55640.62978272752,13.280648356370042,10.926668964857711,24.206787945110747,0.2857766803193313,1
32820,"Memphis, TN-MS-AR",2024,1,2,577480.0,577280.0,33368014400.0,532,529,0.2857766803193313,2267330.0,613,57802.13137472284,13.26642908874375,10.964780928975808,24.23086362539215,0.2857766803193313,1
32900,"Merced, CA",2019,0,-3,59080.0,58390.0,2578966700.0,178,174,0.2433133285125498,239990.0,283,44167.95170405891,10.986647736645317,10.695754730503287,21.670654651780872,0.0,1
32900,"Merced, CA",2020,0,-2,54160.0,53860.0,2532470800.0,181,178,0.2433133285125498,239990.0,283,47019.50984032678,10.899697907586157,10.758317897546462,21.652461263912052,0.0,1
32900,"Merced, CA",2021,0,-1,61340.0,61300.0,3058800400.0,238,237,0.2433133285125498,239990.0,283,49898.86460032626,11.024187437668242,10.817753527980269,21.841288649904573,0.0,1
32900,"Merced, CA",2022,0,0,65410.0,65280.0,3400603800.0,248,245,0.2433133285125498,239990.0,283,52092.58272058824,11.088430430955258,10.86077785139891,21.947218841036896,0.0,1
32900,"Merced, CA",2023,1,1,66030.0,65980.0,3713728300.0,250,249,0.2433133285125498,239990.0,283,56285.66686874811,11.097864463188618,10.938195196790993,22.035302141573567,0.2433133285125498,1
32900,"Merced, CA",2024,1,2,68030.0,67790.0,3942758900.0,252,249,0.2433133285125498,239990.0,283,58161.364508039536,11.127704063339106,10.970976573212099,22.09514654363711,0.2433133285125498,1
33100,"Miami-Fort Lauderdale-West Palm Beach, FL",2019,0,-3,2457920.0,2452240.0,119399913500.0,591,577,0.32621961823807805,9690210.0,694,48690.14187029002,14.714826021792454,10.793231862918446,25.50574431344904,0.0,1
33100,"Miami-Fort Lauderdale-West Palm Beach, FL",2020,0,-2,2341340.0,2333590.0,119986402700.0,574,561,0.32621961823807805,9690210.0,694,51417.08813459091,14.666233973005337,10.847725850173045,25.510644262474965,0.0,1
33100,"Miami-Fort Lauderdale-West Palm Beach, FL",2021,0,-1,2366760.0,2358640.0,128562245200.0,622,616,0.32621961823807805,9690210.0,694,54506.93840518265,14.67703248918555,10.906083282734919,25.579679022442214,0.0,1
33100,"Miami-Fort Lauderdale-West Palm Beach, FL",2022,0,0,2524190.0,2513980.0,148221392100.0,613,604,0.32621961823807805,9690210.0,694,58958.858901025465,14.741430777147604,10.984595172894139,25.72197288554534,0.0,1
33100,"Miami-Fort Lauderdale-West Palm Beach, FL",2023,1,1,2597910.0,2593770.0,162674623700.0,610,604,0.32621961823807805,9690210.0,694,62717.44360525413,14.7702178335803,11.046394895348826,25.815017869123615,0.32621961823807805,1
33100,"Miami-Fort Lauderdale-West Palm Beach, FL",2024,1,2,2661620.0,2656090.0,173943148500.0,618,604,0.32621961823807805,9690210.0,694,65488.42414978408,14.794445517935298,11.089628675467013,25.881994350013542,0.32621961823807805,1
33140,"Michigan City-La Porte, IN",2019,0,-3,30380.0,29620.0,1179004800.0,152,148,0.2678339337459509,121610.0,218,39804.3484132343,10.321539776149764,10.591731441918387,20.887936529740177,0.0,1
33140,"Michigan City-La Porte, IN",2020,0,-2,28840.0,28760.0,1217297000.0,144,143,0.2678339337459509,121610.0,218,42326.04311543811,10.269518591398885,10.653157852071255,20.91989866390624,0.0,1
33140,"Michigan City-La Porte, IN",2021,0,-1,30030.0,30030.0,1310031000.0,180,180,0.2678339337459509,121610.0,218,43624.07592407592,10.309952160977376,10.683364477024242,20.993316638001616,0.0,1
33140,"Michigan City-La Porte, IN",2022,0,0,32360.0,32320.0,1500160200.0,184,183,0.2678339337459509,121610.0,218,46415.84777227723,10.384678371172429,10.74539622671683,21.128837739351862,0.0,1
33140,"Michigan City-La Porte, IN",2023,1,1,32970.0,32970.0,1652500600.0,187,187,0.2678339337459509,121610.0,218,50121.34061267819,10.403353336065777,10.822202156710505,21.225555492776284,0.2678339337459509,1
33140,"Michigan City-La Porte, IN",2024,1,2,33490.0,33490.0,1728725700.0,182,182,0.2678339337459509,121610.0,218,51619.16094356524,10.41900216578825,10.851648218657067,21.270650384445318,0.2678339337459509,1
33220,"Midland, MI",2019,0,-3,21710.0,20610.0,941840500.0,115,106,0.3032291739881672,98660.0,195,45698.229015041245,9.985528262872338,10.729814823725302,20.66334649760981,0.0,1
33220,"Midland, MI",2020,0,-2,19750.0,18670.0,924389600.0,103,93,0.3032291739881672,98660.0,195,49512.02999464382,9.890908770329268,10.809970949224553,20.64464418576032,0.0,1
33220,"Midland, MI",2021,0,-1,27980.0,27660.0,1625647400.0,162,158,0.3032291739881672,98660.0,195,58772.5018076645,10.239245248219472,10.981429368169154,21.209171973387903,0.0,1
33220,"Midland, MI",2022,0,0,29220.0,28520.0,1691281000.0,172,169,0.3032291739881672,98660.0,195,59301.5778401122,10.282608685304691,10.990391192390895,21.248752066919128,0.0,1
33220,"Midland, MI",2023,1,1,29560.0,28290.0,1782463100.0,179,176,0.3032291739881672,98660.0,195,63006.825733474725,10.294177375062137,11.050998344480567,21.301262008776177,0.3032291739881672,1
33220,"Midland, MI",2024,1,2,29440.0,28750.0,1857682200.0,173,170,0.3032291739881672,98660.0,195,64615.03304347826,10.290109572842812,11.076202372349368,21.342595418574867,0.3032291739881672,1
33260,"Midland, TX",2019,0,-3,96260.0,95960.0,5428174500.0,237,236,0.277316488781252,368410.0,328,56567.053980825345,11.4748081428571,10.943182009569519,22.41486872652315,0.0,1
33260,"Midland, TX",2020,0,-2,88650.0,88360.0,5138758600.0,243,238,0.277316488781252,368410.0,328,58157.06880941603,11.392451311502354,10.970902712199653,22.360077369733705,0.0,1
33260,"Midland, TX",2021,0,-1,87430.0,87430.0,5183874900.0,282,282,0.277316488781252,368410.0,328,59291.717945785196,11.378593752174936,10.990224911585823,22.36881866376076,0.0,1
33260,"Midland, TX",2022,0,0,96070.0,95830.0,5981842000.0,272,268,0.277316488781252,368410.0,328,62421.392048419075,11.472832371403785,11.041663316896495,22.511994384234303,0.0,1
33260,"Midland, TX",2023,1,1,105790.0,105740.0,7162721400.0,278,277,0.277316488781252,368410.0,328,67738.99564970683,11.56921127598082,11.123417299714857,22.692155829504298,0.277316488781252,1
33260,"Midland, TX",2024,1,2,108870.0,108870.0,7499021900.0,275,275,0.277316488781252,368410.0,328,68880.51713052264,11.597909788875226,11.140128646775558,22.738038435650786,0.277316488781252,1
33460,"Minneapolis-St. Paul-Bloomington, MN-WI",2019,0,-3,1809750.0,1807050.0,106932723400.0,577,567,0.3301945222832322,7025720.0,689,59175.29863589829,14.408699272155388,10.988259481025949,25.39546572038906,0.0,1
33460,"Minneapolis-St. Paul-Bloomington, MN-WI",2020,0,-2,1690950.0,1686260.0,104969665000.0,575,566,0.3301945222832322,7025720.0,689,62249.988139432826,14.340801059140787,11.038913623795736,25.37693724060101,0.0,1
33460,"Minneapolis-St. Paul-Bloomington, MN-WI",2021,0,-1,1734320.0,1732650.0,112069525500.0,638,630,0.3301945222832322,7025720.0,689,64680.99471907194,14.366125963702398,11.077222692655532,25.44238527904047,0.0,1
33460,"Minneapolis-St. Paul-Bloomington, MN-WI",2022,0,0,1790700.0,1787350.0,120831806700.0,636,626,0.3301945222832322,7025720.0,689,67603.88659188183,14.398117162824851,11.12142075434109,25.51766538828632,0.0,1
33460,"Minneapolis-St. Paul-Bloomington, MN-WI",2023,1,1,1816860.0,1815140.0,128566251100.0,643,632,0.3301945222832322,7025720.0,689,70829.93658891325,14.412620294327244,11.168037023489795,25.57971018118236,0.3301945222832322,1
33460,"Minneapolis-St. Paul-Bloomington, MN-WI",2024,1,2,1830150.0,1828270.0,132995293700.0,619,611,0.3301945222832322,7025720.0,689,72743.7926017492,14.41990848867159,11.194698856331483,25.61357957882779,0.3301945222832322,1
33540,"Missoula, MT",2019,0,-3,51180.0,51100.0,2145978800.0,233,231,0.30241982811671303,205070.0,308,41995.67123287671,10.84310410971378,10.645321826069964,21.48686160226176,0.0,1
33540,"Missoula, MT",2020,0,-2,47390.0,47150.0,2025914000.0,221,217,0.30241982811671303,205070.0,308,42967.42311770944,10.766166514961634,10.66819750563661,21.42928679369821,0.0,1
33540,"Missoula, MT",2021,0,-1,52350.0,52110.0,2375066600.0,263,261,0.30241982811671303,205070.0,308,45577.9428132796,10.865707216298683,10.727179168241847,21.588291316145106,0.0,1
33540,"Missoula, MT",2022,0,0,54150.0,53980.0,2680912800.0,274,270,0.30241982811671303,205070.0,308,49664.9277510189,10.899513252429136,10.81305428392211,21.709423170494105,0.0,1
33540,"Missoula, MT",2023,1,1,55910.0,55290.0,2911421000.0,279,274,0.30241982811671303,205070.0,308,52657.27979743172,10.93149853402069,10.871559775761504,21.791907115093483,0.30241982811671303,1
33540,"Missoula, MT",2024,1,2,58730.0,58680.0,3303399700.0,289,288,0.30241982811671303,205070.0,308,56295.155078391275,10.980705948516565,10.938363754978818,21.918217987235735,0.30241982811671303,1
33660,"Mobile, AL",2019,0,-3,152100.0,151840.0,6645574000.0,324,321,0.2938149969974065,599770.0,425,43766.95205479452,11.932293478247384,10.686634292274661,22.617216906118415,0.0,1
33660,"Mobile, AL",2020,0,-2,146740.0,145750.0,6548819000.0,317,312,0.2938149969974065,599770.0,425,44931.862778730705,11.896417592267985,10.71290246078036,22.6025505649931,0.0,1
33660,"Mobile, AL",2021,0,-1,142970.0,141970.0,6859178800.0,354,352,0.2938149969974065,599770.0,425,48314.28329928858,11.87039009702321,10.785482516406146,22.648853563063767,0.0,1
33660,"Mobile, AL",2022,0,0,157960.0,157920.0,7909268700.0,370,369,0.2938149969974065,599770.0,425,50084.021656534955,11.970097115400586,10.821457307193004,22.791301161860314,0.0,1
33660,"Mobile, AL",2023,1,1,155530.0,154600.0,8047578900.0,370,366,0.2938149969974065,599770.0,425,52054.19728331177,11.954593918038606,10.860040710240762,22.808637125376222,0.2938149969974065,1
33660,"Mobile, AL",2024,1,2,156290.0,156290.0,8416145100.0,372,372,0.2938149969974065,599770.0,425,53849.54315695182,11.959468534836239,10.893949198926483,22.853417733762722,0.2938149969974065,1
33700,"Modesto, CA",2019,0,-3,161680.0,161130.0,7746856800.0,303,299,0.2609487116323456,651470.0,427,48078.301992180226,11.993374352077502,10.780586252283046,22.77055302385066,0.0,1
33700,"Modesto, CA",2020,0,-2,151620.0,151520.0,7799500400.0,298,295,0.2609487116323456,651470.0,427,51475.05543822598,11.929132669610295,10.84885260888863,22.777325517308537,0.0,1
33700,"Modesto, CA",2021,0,-1,164450.0,164090.0,8904405200.0,371,366,0.2609487116323456,651470.0,427,54265.373880187704,12.010361851617203,10.901641620752034,22.90981195752123,0.0,1
33700,"Modesto, CA",2022,0,0,173720.0,173600.0,10245643900.0,379,377,0.2609487116323456,651470.0,427,59018.686059907835,12.065200086648758,10.985609385624713,23.0501184668331,0.0,1
33700,"Modesto, CA",2023,1,1,176300.0,176100.0,11087580800.0,378,376,0.2609487116323456,651470.0,427,62961.844406587166,12.07994236838596,11.050284177557165,23.129091472041463,0.2609487116323456,1
33700,"Modesto, CA",2024,1,2,178620.0,178580.0,11802405600.0,383,382,0.2609487116323456,651470.0,427,66090.29902564677,12.093015923237877,11.098777252976078,23.191569212047284,0.2609487116323456,1
33740,"Monroe, LA",2019,0,-3,60820.0,60450.0,2240164700.0,199,195,0.28730595617084603,238230.0,266,37058.14226633582,11.015673961231355,10.520243370853173,21.529815226896112,0.0,1
33740,"Monroe, LA",2020,0,-2,56160.0,55490.0,2140807000.0,191,187,0.28730595617084603,238230.0,266,38580.05045954226,10.935960038699692,10.560490594378571,21.484448697698518,0.0,1
33740,"Monroe, LA",2021,0,-1,59970.0,59920.0,2471174700.0,226,225,0.28730595617084603,238230.0,266,41241.23331108144,11.001599716162556,10.627193843384056,21.627959461575156,0.0,1
33740,"Monroe, LA",2022,0,0,61280.0,61220.0,2599602400.0,219,218,0.28730595617084603,238230.0,266,42463.28650767723,11.023208804414473,10.656395134703596,21.678624347202998,0.0,1
33740,"Monroe, LA",2023,1,1,62870.0,62670.0,2854364400.0,229,226,0.28730595617084603,238230.0,266,45545.94542843466,11.048824381377107,10.726476885080373,21.772115028299094,0.28730595617084603,1
33740,"Monroe, LA",2024,1,2,74850.0,74850.0,3510521200.0,246,246,0.28730595617084603,238230.0,266,46900.75083500334,11.223241389847775,10.755788963581349,21.979030353429124,0.28730595617084603,1
33780,"Monroe, MI",2019,0,-3,29600.0,29330.0,1273818200.0,148,142,0.274968040974265,115550.0,215,43430.55574497102,10.295529640312152,10.678918521785263,20.96528468375676,0.0,1
33780,"Monroe, MI",2020,0,-2,26010.0,25750.0,1208714200.0,140,136,0.274968040974265,115550.0,215,46940.3572815534,10.166236358442697,10.756633080827973,20.912822986919856,0.0,1
33780,"Monroe, MI",2021,0,-1,28900.0,28900.0,1462463900.0,180,180,0.274968040974265,115550.0,215,50604.28719723183,10.271596874100524,10.83179157890443,21.103388453004953,0.0,1
33780,"Monroe, MI",2022,0,0,31040.0,31040.0,1672911400.0,182,182,0.274968040974265,115550.0,215,53895.34149484536,10.343031974297155,10.894799324494855,21.23783129879201,0.0,1
33780,"Monroe, MI",2023,1,1,31570.0,31510.0,1751499400.0,186,185,0.274968040974265,115550.0,215,55585.50936210727,10.359962581552038,10.92567782328692,21.28373805803824,0.274968040974265,1
33780,"Monroe, MI",2024,1,2,33280.0,33070.0,1889388200.0,190,188,0.274968040974265,115550.0,215,57132.99667372241,10.412711894935144,10.953137103935067,21.359518909910907,0.274968040974265,1
33860,"Montgomery, AL",2019,0,-3,139470.0,138840.0,5952517800.0,314,310,0.31043171763198674,551540.0,426,42873.21953327571,11.84560480335274,10.666002656685292,22.507080126661013,0.0,1
33860,"Montgomery, AL",2020,0,-2,132280.0,132050.0,5907963200.0,313,310,0.31043171763198674,551540.0,426,44740.34986747444,11.79267616709573,10.708631055028619,22.499566972753897,0.0,1
33860,"Montgomery, AL",2021,0,-1,137700.0,137600.0,6438235100.0,369,367,0.31043171763198674,551540.0,426,46789.49927325582,11.832832684716747,10.753414082226932,22.585520286708313,0.0,1
33860,"Montgomery, AL",2022,0,0,142090.0,141910.0,6946674800.0,361,359,0.31043171763198674,551540.0,426,48951.27052357128,11.864215938632121,10.798580603159534,22.66152893598812,0.0,1
33860,"Montgomery, AL",2023,1,1,145010.0,144740.0,7514216100.0,362,359,0.31043171763198674,551540.0,426,51915.26944866657,11.88455798454194,10.857368234913174,22.740062543333295,0.31043171763198674,1
33860,"Montgomery, AL",2024,1,2,146750.0,146480.0,7839687200.0,363,361,0.31043171763198674,551540.0,426,53520.529765155654,11.896485737690343,10.887820593205207,22.7824647725536,0.31043171763198674,1
34060,"Morgantown, WV",2019,0,-3,47960.0,47630.0,2148275200.0,201,198,0.30236635601175554,200180.0,297,45103.40541675415,10.77812260914145,10.716713030772196,21.4879311245671,0.0,1
34060,"Morgantown, WV",2020,0,-2,44860.0,44670.0,2030037000.0,195,193,0.30236635601175554,200180.0,297,45445.19811954332,10.7113018080742,10.724262442088826,21.43131985643499,0.0,1
34060,"Morgantown, WV",2021,0,-1,52120.0,51870.0,2573477800.0,241,239,0.30236635601175554,200180.0,297,49613.992673992674,10.861304031238781,10.812028183290128,21.668524050635575,0.0,1
34060,"Morgantown, WV",2022,0,0,55240.0,54490.0,2860329600.0,248,245,0.30236635601175554,200180.0,297,52492.74362268306,10.919442607523228,10.868430222316107,21.77420269989325,0.0,1
34060,"Morgantown, WV",2023,1,1,56390.0,55640.0,3107280000.0,245,242,0.30236635601175554,200180.0,297,55846.153846153844,10.940047116801228,10.930355936345396,21.857013582382777,0.30236635601175554,1
34060,"Morgantown, WV",2024,1,2,58490.0,57350.0,3373358300.0,252,245,0.30236635601175554,200180.0,297,58820.54577157803,10.976611078437072,10.982246490738486,21.939174613296004,0.30236635601175554,1
34100,"Morristown, TN",2019,0,-3,32050.0,31950.0,1193591900.0,166,164,0.26241515590740044,133550.0,238,37358.11893583724,10.375052462348815,10.528305541392033,20.900233001197716,0.0,1
34100,"Morristown, TN",2020,0,-2,30540.0,30440.0,1156589700.0,157,154,0.26241515590740044,133550.0,238,37995.71944809461,10.326792578772624,10.5452287862607,20.868741598236323,0.0,1
34100,"Morristown, TN",2021,0,-1,35000.0,34790.0,1411276700.0,189,188,0.26241515590740044,133550.0,238,40565.584938200634,10.46310334047155,10.610675324500885,21.067760592646874,0.0,1
34100,"Morristown, TN",2022,0,0,35960.0,35760.0,1570910300.0,194,193,0.26241515590740044,133550.0,238,43929.25894854586,10.490162488585556,10.690335867912129,21.17492109719958,0.0,1
34100,"Morristown, TN",2023,1,1,37110.0,36810.0,1672986300.0,189,186,0.26241515590740044,133550.0,238,45449.23390383048,10.521641754054643,10.724351243662255,21.237876070035323,0.26241515590740044,1
34100,"Morristown, TN",2024,1,2,37850.0,37720.0,1834635700.0,198,196,0.26241515590740044,133550.0,238,48638.27412513256,10.541386258865595,10.792166033385783,21.33011177013318,0.26241515590740044,1
34580,"Mount Vernon-Anacortes, WA",2019,0,-3,40540.0,40420.0,2114663800.0,195,193,0.27754882315753426,159740.0,272,52317.26373082632,10.610044420005991,10.865081686040716,21.47216167699833,0.0,1
34580,"Mount Vernon-Anacortes, WA",2020,0,-2,37480.0,37170.0,2043929300.0,205,200,0.27754882315753426,159740.0,272,54988.68173258004,10.531562736352358,10.91488265635726,21.43813991964856,0.0,1
34580,"Mount Vernon-Anacortes, WA",2021,0,-1,39320.0,39320.0,2261118400.0,226,226,0.27754882315753426,159740.0,272,57505.55442522889,10.579488574261102,10.959636820819721,21.539125395080823,0.0,1
34580,"Mount Vernon-Anacortes, WA",2022,0,0,42400.0,42320.0,2574766600.0,235,233,0.27754882315753426,159740.0,272,60840.420604914936,10.654903641220049,11.016009659645107,21.669024726177287,0.0,1
34580,"Mount Vernon-Anacortes, WA",2023,1,1,42350.0,42350.0,2759338000.0,236,236,0.27754882315753426,159740.0,272,65155.560802833534,10.653723700080201,11.084532932752976,21.738256632833178,0.27754882315753426,1
34580,"Mount Vernon-Anacortes, WA",2024,1,2,45150.0,44610.0,3059536200.0,252,251,0.27754882315753426,159740.0,272,68584.08876933422,10.717745558845131,11.135815844673253,21.841529172795564,0.27754882315753426,1
34620,"Muncie, IN",2019,0,-3,33490.0,33310.0,1358276100.0,164,162,0.2937464340156996,137830.0,234,40776.82677874512,10.41900216578825,10.615869227926375,21.0294821591141,0.0,1
34620,"Muncie, IN",2020,0,-2,32250.0,31850.0,1310438600.0,157,153,0.2937464340156996,137830.0,234,41144.06907378336,10.381273322223919,10.624835066283387,20.993627727283698,0.0,1
34620,"Muncie, IN",2021,0,-1,35720.0,35580.0,1600644600.0,191,190,0.2937464340156996,137830.0,234,44987.20067453626,10.483466034990435,10.714133298839977,21.193672260059802,0.0,1
34620,"Muncie, IN",2022,0,0,36370.0,36370.0,1736241800.0,192,192,0.2937464340156996,137830.0,234,47738.295298322795,10.501499537981035,10.773489191218466,21.2749887291995,0.0,1
34620,"Muncie, IN",2023,1,1,37220.0,37220.0,1888222800.0,199,199,0.2937464340156996,137830.0,234,50731.40247178936,10.524601530196241,10.834300375985602,21.358901906181845,0.2937464340156996,1
34620,"Muncie, IN",2024,1,2,36540.0,36540.0,1909365700.0,202,202,0.2937464340156996,137830.0,234,52254.12424740011,10.506162829931998,10.863874099676611,21.37003692960861,0.2937464340156996,1
34900,"Napa, CA",2019,0,-3,65480.0,65040.0,3588134800.0,222,218,0.2735902358204866,249120.0,292,55168.12423124231,11.089500031485072,10.918140605892246,22.00089835011394,0.0,1
34900,"Napa, CA",2020,0,-2,57340.0,57160.0,3459820600.0,209,207,0.2735902358204866,249120.0,292,60528.70188943317,10.95675373943736,11.010872942917015,21.96448257496082,0.0,1
34900,"Napa, CA",2021,0,-1,60550.0,60250.0,3780600900.0,238,234,0.2735902358204866,249120.0,292,62748.56265560166,11.011224748981238,11.04689095084486,22.05314880219776,0.0,1
34900,"Napa, CA",2022,0,0,65750.0,65490.0,4204142400.0,257,255,0.2735902358204866,249120.0,292,64195.18094365552,11.093614950040012,11.069683423677734,22.159336161889833,0.0,1
34900,"Napa, CA",2023,1,1,68510.0,68510.0,4738854000.0,247,247,0.2735902358204866,249120.0,292,69170.2525178806,11.134734998996946,11.144326172272955,22.2790611712699,0.2735902358204866,1
34900,"Napa, CA",2024,1,2,70030.0,68090.0,4591185000.0,253,249,0.2735902358204866,249120.0,292,67428.18328682626,11.156679000649563,11.11881835915637,22.247403997633384,0.2735902358204866,1
34980,"Nashville-Davidson--Murfreesboro--Franklin, TN",2019,0,-3,887890.0,881310.0,42544086600.0,525,517,0.31497434814886327,3643960.0,653,48273.6909827416,13.696603140427431,10.784641991087367,24.47380670698468,0.0,1
34980,"Nashville-Davidson--Murfreesboro--Franklin, TN",2020,0,-2,865810.0,859240.0,43969829200.0,520,508,0.31497434814886327,3643960.0,653,51172.93096224571,13.671420763934867,10.84296597907699,24.506769535664905,0.0,1
34980,"Nashville-Davidson--Murfreesboro--Franklin, TN",2021,0,-1,918700.0,914870.0,49204670900.0,580,568,0.31497434814886327,3643960.0,653,53783.237946374895,13.730714906259557,10.892717135269208,24.619254392930312,0.0,1
34980,"Nashville-Davidson--Murfreesboro--Franklin, TN",2022,0,0,971560.0,969270.0,55609637700.0,567,559,0.31497434814886327,3643960.0,653,57372.70079544399,13.786658306057245,10.957323873277868,24.741622363109375,0.0,1
34980,"Nashville-Davidson--Murfreesboro--Franklin, TN",2023,1,1,1015730.0,1011390.0,61944399800.0,570,560,0.31497434814886327,3643960.0,653,61246.79876209969,13.831118123771803,11.022666861932528,24.84950304222672,0.31497434814886327,1
34980,"Nashville-Davidson--Murfreesboro--Franklin, TN",2024,1,2,1030710.0,1026820.0,65839256000.0,560,552,0.31497434814886327,3643960.0,653,64119.56915525603,13.845758443121992,11.068504887350572,24.910482093129872,0.31497434814886327,1
35380,"New Orleans-Metairie, LA",2019,0,-3,489580.0,487170.0,22287364200.0,457,447,0.30258357828949645,1884610.0,576,45748.63846295954,13.10130315967268,10.73091730988835,23.827285727015592,0.0,1
35380,"New Orleans-Metairie, LA",2020,0,-2,447280.0,445410.0,21763858900.0,451,440,0.30258357828949645,1884610.0,576,48862.52868143957,13.010940075700526,10.796766097083685,23.803516582365837,0.0,1
35380,"New Orleans-Metairie, LA",2021,0,-1,467540.0,465940.0,23731864800.0,497,488,0.30258357828949645,1884610.0,576,50933.306434304846,13.055240185548028,10.838272338924021,23.890084488377312,0.0,1
35380,"New Orleans-Metairie, LA",2022,0,0,480210.0,478150.0,25910976800.0,489,479,0.30258357828949645,1884610.0,576,54190.05918644777,13.081978787208852,10.900252760761958,23.977932530539647,0.0,1
35380,"New Orleans-Metairie, LA",2023,1,1,475530.0,472510.0,26413228900.0,482,470,0.30258357828949645,1884610.0,576,55899.830479778204,13.072185250460048,10.931316626576486,23.99713081628963,0.30258357828949645,1
35380,"New Orleans-Metairie, LA",2024,1,2,401760.0,398510.0,23397677300.0,453,442,0.30258357828949645,1884610.0,576,58712.89879802264,12.903610174391412,10.980414722699198,23.87590259369964,0.30258357828949645,1
36100,"Ocala, FL",2019,0,-3,85160.0,84550.0,3261028900.0,236,230,0.28812987318668026,360300.0,334,38569.23595505618,11.352287119007416,10.560210241699771,21.905308596026497,0.0,1
36100,"Ocala, FL",2020,0,-2,83040.0,82400.0,3284821400.0,232,226,0.28812987318668026,360300.0,334,39864.337378640776,11.327077698399716,10.593237403166466,21.91257811906403,0.0,1
36100,"Ocala, FL",2021,0,-1,93030.0,92510.0,3977352100.0,288,286,0.28812987318668026,360300.0,334,42993.753107772136,11.440677300762605,10.668810107558599,22.103882133323964,0.0,1
36100,"Ocala, FL",2022,0,0,99070.0,98390.0,4561577200.0,297,294,0.28812987318668026,360300.0,334,46362.203475963004,11.503581949967076,10.744239826004149,22.24093427786396,0.0,1
36100,"Ocala, FL",2023,1,1,103380.0,103050.0,5117747800.0,300,298,0.28812987318668026,360300.0,334,49662.76370693838,11.546166798750031,10.813010710089896,22.3559802964085,0.28812987318668026,1
36100,"Ocala, FL",2024,1,2,107020.0,105870.0,5529877200.0,300,295,0.28812987318668026,360300.0,334,52232.71181637858,11.580771011865295,10.863464240748387,22.433431446085812,0.28812987318668026,1
36220,"Odessa, TX",2019,0,-3,71180.0,71060.0,3459782000.0,213,211,0.2656664053711839,256380.0,283,48688.17900365888,11.172967159064184,10.79319154867573,21.96447141825075,0.0,1
36220,"Odessa, TX",2020,0,-2,62360.0,62190.0,3139507000.0,198,194,0.2656664053711839,256380.0,283,50482.50522592057,11.040679323171712,10.82938212407242,21.867331618170358,0.0,1
36220,"Odessa, TX",2021,0,-1,58110.0,58070.0,3002912600.0,219,218,0.2656664053711839,256380.0,283,51711.9442052695,10.97009304506915,10.853444062928869,21.822848521294965,0.0,1
36220,"Odessa, TX",2022,0,0,64730.0,64640.0,3521004600.0,232,231,0.2656664053711839,256380.0,283,54470.9870049505,11.077980051539555,10.905423490370529,21.982012183565505,0.0,1
36220,"Odessa, TX",2023,1,1,68250.0,67940.0,3826951100.0,233,229,0.2656664053711839,256380.0,283,56328.39417132764,11.130932713047207,10.938954023961156,22.06533426567573,0.2656664053711839,1
36220,"Odessa, TX",2024,1,2,69800.0,69420.0,3988720100.0,232,230,0.2656664053711839,256380.0,283,57457.79458369346,11.153389288750464,10.958805950030122,22.106736239445897,0.2656664053711839,1
36420,"Oklahoma City, OK",2019,0,-3,581950.0,580490.0,27740858600.0,496,488,0.3111018464942728,2328910.0,620,47788.693345277265,13.274139812370123,10.774544349605558,24.046172203048407,0.0,1
36420,"Oklahoma City, OK",2020,0,-2,564210.0,563070.0,27921789300.0,490,482,0.3111018464942728,2328910.0,620,49588.486866641804,13.243181801604234,10.811513966144933,24.05267319946334,0.0,1
36420,"Oklahoma City, OK",2021,0,-1,579590.0,578990.0,29288918400.0,555,550,0.3111018464942728,2328910.0,620,50586.22497797889,13.270076236001701,10.831434584576472,24.10047506982529,0.0,1
36420,"Oklahoma City, OK",2022,0,0,603160.0,597140.0,31399844900.0,552,545,0.3111018464942728,2328910.0,620,52583.72391733932,13.309937780479732,10.870161919612789,24.170068790357973,0.0,1
36420,"Oklahoma City, OK",2023,1,1,624020.0,623000.0,34460344600.0,560,556,0.3111018464942728,2328910.0,620,55313.55473515249,13.343937698119985,10.920773270226604,24.263075067996194,0.3111018464942728,1
36420,"Oklahoma City, OK",2024,1,2,643180.0,641510.0,36916423500.0,552,548,0.3111018464942728,2328910.0,620,57546.13879752459,13.374179901836087,10.960342318893538,24.331922370274402,0.3111018464942728,1
36740,"Orlando-Kissimmee-Sanford, FL",2019,0,-3,1164200.0,1162900.0,52139463700.0,479,471,0.31501043584816324,4607820.0,632,44835.72422392295,13.967544713819771,10.71076051634865,24.677187959629784,0.0,1
36740,"Orlando-Kissimmee-Sanford, FL",2020,0,-2,1073690.0,1072380.0,50439092700.0,476,467,0.31501043584816324,4607820.0,632,47034.719688916244,13.886611871790329,10.758641324760703,24.64403236017318,0.0,1
36740,"Orlando-Kissimmee-Sanford, FL",2021,0,-1,1122330.0,1121660.0,56718777900.0,565,561,0.31501043584816324,4607820.0,632,50566.81873294938,13.930917439467722,10.831050883907553,24.76137117274634,0.0,1
36740,"Orlando-Kissimmee-Sanford, FL",2022,0,0,1247600.0,1239800.0,66454674300.0,583,573,0.31501043584816324,4607820.0,632,53601.12461687369,14.036732263715786,10.889325328496872,24.91978596274683,0.0,1
36740,"Orlando-Kissimmee-Sanford, FL",2023,1,1,1316050.0,1305220.0,75065884400.0,575,564,0.31501043584816324,4607820.0,632,57512.05497923722,14.090145384066622,10.959749856624393,25.04163202353039,0.31501043584816324,1
36740,"Orlando-Kissimmee-Sanford, FL",2024,1,2,1344430.0,1337940.0,79758886100.0,565,556,0.31501043584816324,4607820.0,632,59613.20096566363,14.111480689371382,10.995632321240029,25.102273996855534,0.31501043584816324,1
36780,"Oshkosh-Neenah, WI",2019,0,-3,75420.0,75260.0,3636593000.0,240,239,0.2958993417667933,303950.0,334,48320.39596066968,11.230827770812349,10.785609027125405,22.014313091272832,0.0,1
36780,"Oshkosh-Neenah, WI",2020,0,-2,72760.0,72670.0,3684445200.0,237,235,0.2958993417667933,303950.0,334,50701.048575753404,11.194921632632058,10.833701871332929,22.02738579494361,0.0,1
36780,"Oshkosh-Neenah, WI",2021,0,-1,77440.0,77440.0,4078233600.0,283,283,0.2958993417667933,303950.0,334,52663.14049586777,11.257258721950459,10.871671068489462,22.128929790439923,0.0,1
36780,"Oshkosh-Neenah, WI",2022,0,0,78330.0,78330.0,4351700600.0,280,280,0.2958993417667933,303950.0,334,55555.988765479386,11.268685950361284,10.925146597816337,22.19383254817762,0.0,1
36780,"Oshkosh-Neenah, WI",2023,1,1,79930.0,79690.0,4661808200.0,284,283,0.2958993417667933,303950.0,334,58499.28723804744,11.288906530620064,10.976769849180721,22.262669235572517,0.2958993417667933,1
36780,"Oshkosh-Neenah, WI",2024,1,2,82470.0,82040.0,5047100300.0,291,288,0.2958993417667933,303950.0,334,61519.993905412,11.3201898698274,11.027117505112745,22.34207971729906,0.2958993417667933,1
36980,"Owensboro, KY",2019,0,-3,41590.0,41590.0,1689811300.0,179,179,0.27671217652986974,159430.0,256,40630.23082471748,10.635615032736958,10.612267670105616,21.247882702842574,0.0,1
36980,"Owensboro, KY",2020,0,-2,34470.0,33290.0,1409547900.0,165,160,0.27671217652986974,159430.0,256,42341.48092520276,10.447844659510912,10.653522521054095,21.066534851623167,0.0,1
36980,"Owensboro, KY",2021,0,-1,41110.0,41110.0,1889920100.0,214,214,0.27671217652986974,159430.0,256,45972.27195329603,10.624006679891924,10.735793710100145,21.359800389992067,0.0,1
36980,"Owensboro, KY",2022,0,0,42260.0,41930.0,2047412700.0,221,219,0.27671217652986974,159430.0,256,48829.303601240164,10.651596291170048,10.796085895255056,21.439842735419862,0.0,1
36980,"Owensboro, KY",2023,1,1,41680.0,41500.0,2037150300.0,214,212,0.27671217652986974,159430.0,256,49087.95903614458,10.637776676427249,10.801369050228221,21.43481775644701,0.27671217652986974,1
36980,"Owensboro, KY",2024,1,2,41430.0,41050.0,2073575800.0,196,194,0.27671217652986974,159430.0,256,50513.41778319123,10.631760535071448,10.829994278648863,21.452540393529436,0.27671217652986974,1
37100,"Oxnard-Thousand Oaks-Ventura, CA",2019,0,-3,278630.0,276690.0,15079477400.0,381,372,0.30252401755057184,1091960.0,513,54499.538834074236,12.537640015794091,10.90594751885543,23.436600543753304,0.0,1
37100,"Oxnard-Thousand Oaks-Ventura, CA",2020,0,-2,253810.0,252330.0,14583099400.0,363,355,0.30252401755057184,1091960.0,513,57793.75975904569,12.444341234589452,10.964636086185815,23.40312911981041,0.0,1
37100,"Oxnard-Thousand Oaks-Ventura, CA",2021,0,-1,272140.0,272140.0,16670434000.0,452,452,0.30252401755057184,1091960.0,513,61256.831042845595,12.514071918744849,11.022830649418406,23.536902568163256,0.0,1
37100,"Oxnard-Thousand Oaks-Ventura, CA",2022,0,0,287380.0,286580.0,18295620900.0,459,455,0.30252401755057184,1091960.0,513,63841.23421034266,12.568560660783197,11.06415456480559,23.629927573076184,0.0,1
37100,"Oxnard-Thousand Oaks-Ventura, CA",2023,1,1,291820.0,291560.0,19759843600.0,460,456,0.30252401755057184,1091960.0,513,67772.82068870902,12.583892452818013,11.123916518758904,23.70691761425505,0.30252401755057184,1
37100,"Oxnard-Thousand Oaks-Ventura, CA",2024,1,2,297070.0,294950.0,20645727200.0,458,452,0.30252401755057184,1091960.0,513,69997.37989489744,12.601723080249947,11.15621309025808,23.7507742196893,0.30252401755057184,1
37340,"Palm Bay-Melbourne-Titusville, FL",2019,0,-3,198310.0,196120.0,9781544100.0,337,329,0.3217153692577757,812550.0,459,49875.301346114626,12.197586741879876,10.817281196201273,23.003763191966442,0.0,1
37340,"Palm Bay-Melbourne-Titusville, FL",2020,0,-2,189520.0,186490.0,9464566100.0,331,321,0.3217153692577757,812550.0,459,50751.06493645772,12.152249838832667,10.834687880653483,22.970820777978975,0.0,1
37340,"Palm Bay-Melbourne-Titusville, FL",2021,0,-1,208710.0,208160.0,11308411500.0,420,416,0.3217153692577757,812550.0,459,54325.57407763259,12.248701007585797,10.902750372535571,23.148812666281902,0.0,1
37340,"Palm Bay-Melbourne-Titusville, FL",2022,0,0,216010.0,215150.0,12413258500.0,408,404,0.3217153692577757,812550.0,459,57695.833139669994,12.283079981890959,10.962940233938234,23.24203097220498,0.0,1
37340,"Palm Bay-Melbourne-Titusville, FL",2023,1,1,224180.0,223850.0,13864143100.0,406,402,0.3217153692577757,812550.0,459,61934.97029260665,12.320204579575087,11.033840247333817,23.352571711002927,0.3217153692577757,1
37340,"Palm Bay-Melbourne-Titusville, FL",2024,1,2,228500.0,227830.0,14748334500.0,409,401,0.3217153692577757,812550.0,459,64733.94416889786,12.339291489316397,11.0780409823095,23.414395998102595,0.3217153692577757,1
37620,"Parkersburg-Vienna, WV",2019,0,-3,28210.0,28210.0,1126285000.0,134,134,0.3000009362907102,110590.0,193,39925.02658631691,10.247431803996042,10.59475863898949,20.84219044298553,0.0,1
37620,"Parkersburg-Vienna, WV",2020,0,-2,25180.0,25180.0,1025711200.0,132,132,0.3000009362907102,110590.0,193,40735.15488482923,10.133805307598339,10.614846754991822,20.74865206259016,0.0,1
37620,"Parkersburg-Vienna, WV",2021,0,-1,28150.0,28150.0,1205434900.0,153,153,0.3000009362907102,110590.0,193,42821.843694493786,10.245302633567837,10.664803618070883,20.91010625163872,0.0,1
37620,"Parkersburg-Vienna, WV",2022,0,0,29050.0,28870.0,1295009800.0,157,155,0.3000009362907102,110590.0,193,44856.59161759612,10.276773762280058,10.711225826979865,20.981784099636847,0.0,1
37620,"Parkersburg-Vienna, WV",2023,1,1,29440.0,29440.0,1411819800.0,161,161,0.3000009362907102,110590.0,193,47955.83559782609,10.290109572842812,10.778035774633873,21.068145347476687,0.3000009362907102,1
37620,"Parkersburg-Vienna, WV",2024,1,2,30450.0,30450.0,1553040200.0,165,165,0.3000009362907102,110590.0,193,51002.96223316913,10.323841273138044,10.839638993023026,21.16348026616107,0.3000009362907102,1
37860,"Pensacola-Ferry Pass-Brent, FL",2019,0,-3,149020.0,148080.0,6178923300.0,309,303,0.31348268270176743,624760.0,439,41726.92666126418,11.911835804107719,10.638901922689017,22.5444098699364,0.0,1
37860,"Pensacola-Ferry Pass-Brent, FL",2020,0,-2,149490.0,147270.0,6418292200.0,308,299,0.31348268270176743,624760.0,439,43581.80349018809,11.914984779943559,10.682394991079423,22.58241790679963,0.0,1
37860,"Pensacola-Ferry Pass-Brent, FL",2021,0,-1,160640.0,160220.0,7460833400.0,373,372,0.31348268270176743,624760.0,439,46566.18025215329,11.9869211154855,10.74862981097092,22.732932960740026,0.0,1
37860,"Pensacola-Ferry Pass-Brent, FL",2022,0,0,165610.0,165410.0,8259157800.0,375,372,0.31348268270176743,624760.0,439,49931.42978054531,12.017390905583536,10.81840593878555,22.834588458021816,0.0,1
37860,"Pensacola-Ferry Pass-Brent, FL",2023,1,1,170670.0,170220.0,9030483500.0,371,366,0.31348268270176743,624760.0,439,53051.83585947597,12.047487146412802,10.879024749654016,22.92387174668497,0.31348268270176743,1
37860,"Pensacola-Ferry Pass-Brent, FL",2024,1,2,176020.0,175730.0,9861993300.0,372,369,0.31348268270176743,624760.0,439,56120.1462470836,12.078352903927803,10.935250140183843,23.011954145372734,0.31348268270176743,1
37900,"Peoria, IL",2019,0,-3,145900.0,144880.0,7145476500.0,319,310,0.30111264456263304,573340.0,426,49319.96479845389,11.890676734510876,10.80608424354027,22.689745336097566,0.0,1
37900,"Peoria, IL",2020,0,-2,135940.0,133990.0,6782038300.0,314,304,0.30111264456263304,573340.0,426,50616.003433092024,11.819968890900629,10.83202307865294,22.637543527935595,0.0,1
37900,"Peoria, IL",2021,0,-1,143010.0,142480.0,7750339200.0,350,346,0.30111264456263304,573340.0,426,54395.97978663672,11.87066983686698,10.90404552913228,22.77100244709582,0.0,1
37900,"Peoria, IL",2022,0,0,148490.0,148130.0,8454556400.0,364,360,0.30111264456263304,573340.0,426,57075.247417808685,11.908272894890107,10.952125806348016,22.857971351924114,0.0,1
37900,"Peoria, IL",2023,1,1,151500.0,151140.0,9040896900.0,368,362,0.30111264456263304,573340.0,426,59818.02897975387,11.928340903931561,10.999062382456112,22.925024221030824,0.30111264456263304,1
37900,"Peoria, IL",2024,1,2,151090.0,149850.0,9202557500.0,363,356,0.30111264456263304,573340.0,426,61411.795128461796,11.925630964733887,11.025357198755213,22.94274727150002,0.30111264456263304,1
37980,"Philadelphia-Camden-Wilmington, PA-NJ-DE-MD",2019,0,-3,2697260.0,2691620.0,153764654900.0,630,620,0.3223005632882791,10410580.0,728,57127.17801918547,14.807747000886554,10.953035254720191,25.758689055513482,0.0,1
37980,"Philadelphia-Camden-Wilmington, PA-NJ-DE-MD",2020,0,-2,2503780.0,2498560.0,148651398500.0,603,591,0.3223005632882791,10410580.0,728,59494.8284211706,14.73331214791734,10.993644670464944,25.724869794351644,0.0,1
37980,"Philadelphia-Camden-Wilmington, PA-NJ-DE-MD",2021,0,-1,2566210.0,2562250.0,159351895800.0,681,674,0.3223005632882791,10410580.0,728,62192.17320714216,14.75794066024787,11.037984438127072,25.794380774820883,0.0,1
37980,"Philadelphia-Camden-Wilmington, PA-NJ-DE-MD",2022,0,0,2643330.0,2634000.0,165547082200.0,686,667,0.3223005632882791,10410580.0,728,62850.06917236143,14.787550043908078,11.048507314612241,25.832521475897604,0.0,1
37980,"Philadelphia-Camden-Wilmington, PA-NJ-DE-MD",2023,1,1,2730080.0,2723970.0,183758345100.0,684,673,0.3223005632882791,10410580.0,728,67459.75363164792,14.819841470761093,11.119286456543273,25.936887389518308,0.3223005632882791,1
37980,"Philadelphia-Camden-Wilmington, PA-NJ-DE-MD",2024,1,2,2781980.0,2776810.0,194311950900.0,686,668,0.3223005632882791,10410580.0,728,69976.6822000785,14.838673462367074,11.15591735411011,25.992730698900985,0.3223005632882791,1
38300,"Pittsburgh, PA",2019,0,-3,1075170.0,1069550.0,54438583900.0,544,534,0.314821842075357,4077150.0,658,50898.58716282549,13.887989346576045,10.837590445037966,24.720339002267917,0.0,1
38300,"Pittsburgh, PA",2020,0,-2,989900.0,981940.0,52425184200.0,529,513,0.314821842075357,4077150.0,658,53389.39670448296,13.805359206907898,10.885367441645466,24.682652927319065,0.0,1
38300,"Pittsburgh, PA",2021,0,-1,998330.0,997440.0,55942512600.0,579,575,0.314821842075357,4077150.0,658,56086.09299807507,13.813839161959839,10.934643164131831,24.747590439692942,0.0,1
38300,"Pittsburgh, PA",2022,0,0,1013750.0,1011960.0,58525160400.0,603,594,0.314821842075357,4077150.0,658,57833.47207399502,13.82916688441176,10.96532298867204,24.792722591028728,0.0,1
38300,"Pittsburgh, PA",2023,1,1,1033060.0,1032590.0,63791918800.0,592,589,0.314821842075357,4077150.0,658,61778.55567069214,13.84803582966767,11.031311587609004,24.87889235469772,0.314821842075357,1
38300,"Pittsburgh, PA",2024,1,2,1065840.0,1065040.0,67014232100.0,605,600,0.314821842075357,4077150.0,658,62921.79833621273,13.879273778634094,11.049647938076756,24.928170853182554,0.314821842075357,1
38540,"Pocatello, ID",2019,0,-3,25740.0,25630.0,1018021700.0,147,146,0.3015359229391677,106520.0,202,39719.92586812329,10.155801481150117,10.58960825179592,20.741127071154036,0.0,1
38540,"Pocatello, ID",2020,0,-2,25530.0,25460.0,1039542200.0,150,148,0.3015359229391677,106520.0,202,40830.40848389631,10.14760951023553,10.617182388767528,20.762046260878925,0.0,1
38540,"Pocatello, ID",2021,0,-1,26800.0,26800.0,1149514300.0,166,166,0.3015359229391677,106520.0,202,42892.32462686567,10.196157166498947,10.666448175782572,20.86260534228152,0.0,1
38540,"Pocatello, ID",2022,0,0,28450.0,28450.0,1247770100.0,160,160,0.3015359229391677,106520.0,202,43858.35149384886,10.255903439554476,10.68872043562596,20.944623875180437,0.0,1
38540,"Pocatello, ID",2023,1,1,27400.0,27300.0,1321619800.0,164,162,0.3015359229391677,106520.0,202,48410.981684981685,10.218298292376161,10.787481961285904,21.002123942458955,0.3015359229391677,1
38540,"Pocatello, ID",2024,1,2,27900.0,27860.0,1411059700.0,170,169,0.3015359229391677,106520.0,202,50648.2304379038,10.236381967809457,10.832659572006374,21.06760681934017,0.3015359229391677,1
38660,"Ponce, PR",2019,0,-3,48920.0,48660.0,1243058200.0,178,175,0.2932950545671379,200120.0,242,25545.79120427456,10.797941589801109,10.148227854245691,20.940840470583204,0.0,1
38660,"Ponce, PR",2020,0,-2,46000.0,46000.0,1194409200.0,170,170,0.2932950545671379,200120.0,242,25965.41739130435,10.736396675471232,10.164520831300548,20.90091750677178,0.0,1
38660,"Ponce, PR",2021,0,-1,50640.0,50510.0,1324111500.0,203,202,0.2932950545671379,200120.0,242,26214.83864581271,10.832497056818058,10.174080889954798,21.004007505416897,0.0,1
38660,"Ponce, PR",2022,0,0,54560.0,54480.0,1524195900.0,207,206,0.2932950545671379,200120.0,242,27977.164096916298,10.907056292517344,10.239143888433576,21.14473282925697,0.0,1
38660,"Ponce, PR",2023,1,1,56300.0,56300.0,1639532300.0,202,202,0.2932950545671379,200120.0,242,29121.355239786855,10.938449814127782,10.279227041055524,21.217676855183306,0.2932950545671379,1
38660,"Ponce, PR",2024,1,2,54260.0,54160.0,1723288400.0,214,212,0.2932950545671379,200120.0,242,31818.47119645495,10.901542586212923,10.367802255371595,21.267500162957752,0.2932950545671379,1
38900,"Portland-Vancouver-Hillsboro, OR-WA",2019,0,-3,1087350.0,1084370.0,63241361600.0,582,570,0.3187176536471459,4269620.0,688,58320.83292603078,13.899254101397133,10.973714648576966,24.870224379732687,0.0,1
38900,"Portland-Vancouver-Hillsboro, OR-WA",2020,0,-2,1018270.0,1016550.0,62861239700.0,564,556,0.3187176536471459,4269620.0,688,61837.823717475774,13.833615666859627,11.032270490492559,24.86419558972493,0.0,1
38900,"Portland-Vancouver-Hillsboro, OR-WA",2021,0,-1,1053180.0,1050370.0,68411901600.0,624,615,0.3187176536471459,4269620.0,688,65131.24099126974,13.867324716678446,11.084159605424171,24.94881264643867,0.0,1
38900,"Portland-Vancouver-Hillsboro, OR-WA",2022,0,0,1110820.0,1108850.0,76215263700.0,640,629,0.3187176536471459,4269620.0,688,68733.61022681156,13.920609039294105,11.137993590406884,25.05682759060306,0.0,1
38900,"Portland-Vancouver-Hillsboro, OR-WA",2023,1,1,1136880.0,1134340.0,82909875000.0,634,622,0.3187176536471459,4269620.0,688,73090.85018601124,13.943798226265743,11.199458469449628,25.141020011414493,0.3187176536471459,1
38900,"Portland-Vancouver-Hillsboro, OR-WA",2024,1,2,1126190.0,1123230.0,85179382300.0,629,617,0.3187176536471459,4269620.0,688,75834.31915101982,13.934350812345723,11.236306228414204,25.168025249712908,0.3187176536471459,1
38940,"Port St. Lucie, FL",2019,0,-3,127400.0,127150.0,5548311800.0,286,282,0.29213964735356085,534180.0,407,43635.955957530474,11.7550870221202,10.683636767402133,22.4367595382524,0.0,1
38940,"Port St. Lucie, FL",2020,0,-2,124280.0,122550.0,5364650700.0,266,262,0.29213964735356085,534180.0,407,43775.199510403916,11.730292363506983,10.686822714777108,22.403097103733366,0.0,1
38940,"Port St. Lucie, FL",2021,0,-1,137460.0,137110.0,6397979800.0,344,342,0.29213964735356085,534180.0,407,46663.11574648093,11.831088244675596,10.750709318881416,22.579248121232116,0.0,1
38940,"Port St. Lucie, FL",2022,0,0,145040.0,144990.0,7314687100.0,355,354,0.29213964735356085,534180.0,407,50449.59721360094,11.884764845428732,10.82873004187676,22.713150095384,0.0,1
38940,"Port St. Lucie, FL",2023,1,1,150640.0,150220.0,7903738300.0,357,354,0.29213964735356085,534180.0,407,52614.42084942085,11.922648163331035,10.87074552178602,22.790601687026022,0.29213964735356085,1
38940,"Port St. Lucie, FL",2024,1,2,156390.0,155830.0,8738975500.0,348,343,0.29213964735356085,534180.0,407,56080.186741962396,11.960108166430262,10.934537851623798,22.89105880006346,0.29213964735356085,1
39380,"Pueblo, CO",2019,0,-3,50330.0,50150.0,2213718200.0,203,201,0.2846012338149413,199080.0,283,44141.93818544367,10.826356599770406,10.695165588802393,21.517939382192473,0.0,1
39380,"Pueblo, CO",2020,0,-2,46820.0,46590.0,2187557300.0,200,197,0.2846012338149413,199080.0,283,46953.365529083494,10.754065741044903,10.75691016532785,21.506051370138692,0.0,1
39380,"Pueblo, CO",2021,0,-1,49710.0,49670.0,2445914800.0,228,227,0.2846012338149413,199080.0,283,49243.30179182605,10.813961399088718,10.804528633123939,21.617685041225336,0.0,1
39380,"Pueblo, CO",2022,0,0,52220.0,51980.0,2689682500.0,237,234,0.2846012338149413,199080.0,283,51744.565217391304,10.86322084225312,10.854074685658842,21.712688993854325,0.0,1
39380,"Pueblo, CO",2023,1,1,54710.0,54120.0,3023448300.0,250,244,0.2846012338149413,199080.0,283,55865.637472283815,10.909801787057871,10.930704755858494,21.82966383814322,0.2846012338149413,1
39380,"Pueblo, CO",2024,1,2,54170.0,53630.0,3069888200.0,244,238,0.2846012338149413,199080.0,283,57241.99515196718,10.899882528651945,10.955043088967322,21.844906980944295,0.2846012338149413,1
39460,"Punta Gorda, FL",2019,0,-3,39350.0,39130.0,1560979300.0,153,151,0.2879889770782929,161420.0,228,39892.13646818298,10.58025125384555,10.593934502457023,21.16857921766148,0.0,1
39460,"Punta Gorda, FL",2020,0,-2,36190.0,36190.0,1482489200.0,147,147,0.2879889770782929,161420.0,228,40964.056369162754,10.496538116557788,10.620450287260262,21.116988403818052,0.0,1
39460,"Punta Gorda, FL",2021,0,-1,42160.0,42160.0,1908587800.0,197,197,0.2879889770782929,161420.0,228,45270.10910815939,10.649227183215244,10.720402250591876,21.36962943380712,0.0,1
39460,"Punta Gorda, FL",2022,0,0,43720.0,43610.0,2108993500.0,196,195,0.2879889770782929,161420.0,228,48360.31873423527,10.685560942290476,10.78643489557209,21.4694766564089,0.0,1
39460,"Punta Gorda, FL",2023,1,1,46500.0,46440.0,2409719900.0,202,201,0.2879889770782929,161420.0,228,51888.886735572785,10.747207591575448,10.856859917816216,21.602776353628045,0.2879889770782929,1
39460,"Punta Gorda, FL",2024,1,2,48130.0,47970.0,2603469500.0,203,202,0.2879889770782929,161420.0,228,54272.86845945383,10.781660962297154,10.901779721003457,21.680110815499567,0.2879889770782929,1
39660,"Rapid City, SD",2019,0,-3,57640.0,57280.0,2323213400.0,241,239,0.2897747726522046,237920.0,336,40558.89315642458,10.961972050113458,10.610510348849926,21.56621715048445,0.0,1
39660,"Rapid City, SD",2020,0,-2,55840.0,55600.0,2376073700.0,244,241,0.2897747726522046,237920.0,336,42735.138489208635,10.930245737436254,10.66277677624559,21.588715256484264,0.0,1
39660,"Rapid City, SD",2021,0,-1,60750.0,60690.0,2761136200.0,281,280,0.2897747726522046,237920.0,336,45495.735706047126,11.014522361202795,10.725373879800761,21.738908098630663,0.0,1
39660,"Rapid City, SD",2022,0,0,63690.0,63500.0,2979155000.0,293,290,0.2897747726522046,237920.0,336,46915.82677165354,11.061782843365412,10.75611035532606,21.814905540206844,0.0,1
39660,"Rapid City, SD",2023,1,1,64850.0,64600.0,3257324200.0,294,291,0.2897747726522046,237920.0,336,50422.97523219814,11.07983218974459,10.828202207969577,21.90417189774027,0.2897747726522046,1
39660,"Rapid City, SD",2024,1,2,64560.0,64380.0,3374184000.0,290,288,0.2897747726522046,237920.0,336,52410.43802423113,11.07535030294383,10.866861049407369,21.939419354260167,0.2897747726522046,1
39740,"Reading, PA",2019,0,-3,153430.0,151070.0,7038833700.0,330,313,0.28852377302594845,589030.0,433,46593.19322168531,11.94099971593925,10.749209741240561,22.67470832577833,0.0,1
39740,"Reading, PA",2020,0,-2,142070.0,140190.0,6925340700.0,322,306,0.28852377302594845,589030.0,433,49399.67686710892,11.864075172866123,10.80769916200298,22.65845308636556,0.0,1
39740,"Reading, PA",2021,0,-1,144960.0,144870.0,7566940200.0,367,366,0.28852377302594845,589030.0,433,52232.623731621454,11.884213121276806,10.863462554356309,22.747054621892005,0.0,1
39740,"Reading, PA",2022,0,0,148570.0,148410.0,7991150400.0,363,362,0.28852377302594845,589030.0,433,53845.09399636143,11.908811506631398,10.893866573445578,22.80160056633544,0.0,1
39740,"Reading, PA",2023,1,1,153820.0,153690.0,8834141600.0,380,377,0.28852377302594845,589030.0,433,57480.26286680981,11.943538366611044,10.95919691336987,22.901889778971228,0.28852377302594845,1
39740,"Reading, PA",2024,1,2,156520.0,155880.0,9236636600.0,393,390,0.28852377302594845,589030.0,433,59254.789581729536,11.96093907632435,10.989601892552697,22.946443652005343,0.28852377302594845,1
39820,"Redding, CA",2019,0,-3,54660.0,54380.0,2617277800.0,225,221,0.28437122472662857,220140.0,312,48129.418904008824,10.90888745948206,10.781648888756761,21.685400606943222,0.0,1
39820,"Redding, CA",2020,0,-2,50450.0,50230.0,2581619500.0,209,205,0.28437122472662857,220140.0,312,51395.968544694406,10.828738025781755,10.84731501538463,21.67168275212872,0.0,1
39820,"Redding, CA",2021,0,-1,56570.0,56510.0,3041841100.0,268,267,0.28437122472662857,220140.0,312,53828.36843036631,10.943234088337201,10.893555901423843,21.835728794047732,0.0,1
39820,"Redding, CA",2022,0,0,58460.0,58400.0,3357934600.0,270,269,0.28437122472662857,220140.0,312,57498.8801369863,10.976098038665237,10.959520750717285,21.934591919533602,0.0,1
39820,"Redding, CA",2023,1,1,59790.0,59550.0,3610340600.0,276,274,0.28437122472662857,220140.0,312,60627.04617968094,10.99859370187495,11.012496379087636,22.007067953871083,0.28437122472662857,1
39820,"Redding, CA",2024,1,2,61210.0,61210.0,3892460300.0,278,278,0.28437122472662857,220140.0,312,63591.90165005718,11.022065853845115,11.060241408674466,22.08230726251958,0.28437122472662857,1
39900,"Reno, NV",2019,0,-3,210800.0,209990.0,10073771400.0,370,362,0.2879329587550008,840880.0,497,47972.62441068622,12.258665095649345,10.778385802415618,23.033200991933782,0.0,1
39900,"Reno, NV",2020,0,-2,192170.0,190120.0,9603802600.0,363,355,0.2879329587550008,840880.0,497,50514.42562592047,12.166135675926473,10.830014230430377,22.985424961158323,0.0,1
39900,"Reno, NV",2021,0,-1,213620.0,213020.0,11109798400.0,435,432,0.2879329587550008,840880.0,497,52153.78086564642,12.271954014643686,10.861951957621574,23.13109329461873,0.0,1
39900,"Reno, NV",2022,0,0,224290.0,220150.0,12529258800.0,436,426,0.2879329587550008,840880.0,497,56912.37247331365,12.320695136366872,10.949268038890493,23.251332450074393,0.0,1
39900,"Reno, NV",2023,1,1,234360.0,231530.0,14088285400.0,449,442,0.2879329587550008,840880.0,497,60848.63905325444,12.364613673658726,11.016144732565797,23.368609466311042,0.2879329587550008,1
39900,"Reno, NV",2024,1,2,250800.0,248260.0,15431046100.0,463,458,0.2879329587550008,840880.0,497,62156.795698058486,12.432411087740903,11.037415434453788,23.459647297523727,0.2879329587550008,1
40060,"Richmond, VA",2019,0,-3,597350.0,594260.0,30158543200.0,483,467,0.32388965919542345,2345120.0,605,50749.74455625484,13.30025848524537,10.834661863517077,24.1297340765323,0.0,1
40060,"Richmond, VA",2020,0,-2,563430.0,553100.0,29514650000.0,470,442,0.32388965919542345,2345120.0,605,53362.231061290906,13.241798381143093,10.884858491208886,24.108152587191658,0.0,1
40060,"Richmond, VA",2021,0,-1,584420.0,576390.0,32311566700.0,548,532,0.32388965919542345,2345120.0,605,56058.51367997363,13.278375181407922,10.93415131134507,24.198691105238925,0.0,1
40060,"Richmond, VA",2022,0,0,599920.0,598100.0,36046855800.0,546,536,0.32388965919542345,2345120.0,605,60268.944658083936,13.30455159197527,11.00657223608791,24.30808547912056,0.0,1
40060,"Richmond, VA",2023,1,1,620530.0,620040.0,39416558300.0,549,545,0.32388965919542345,2345120.0,605,63570.99267789175,13.338329230564433,11.059912555317291,24.397451826386522,0.32388965919542345,1
40060,"Richmond, VA",2024,1,2,624010.0,623100.0,41210883700.0,549,542,0.32388965919542345,2345120.0,605,66138.47488364628,13.34392167286418,11.099505927359223,24.441968225891536,0.32388965919542345,1
40140,"Riverside-San Bernardino-Ontario, CA",2019,0,-3,1396420.0,1393880.0,69206069500.0,531,519,0.263501281997732,5725970.0,659,49649.94798691422,14.149422376654135,10.812752621877891,24.960354405261352,0.0,1
40140,"Riverside-San Bernardino-Ontario, CA",2020,0,-2,1347170.0,1343580.0,70694118500.0,526,510,0.263501281997732,5725970.0,659,52616.23312344631,14.113516653813704,10.870779965628326,24.98162821685526,0.0,1
40140,"Riverside-San Bernardino-Ontario, CA",2021,0,-1,1442210.0,1441550.0,79253285400.0,606,602,0.263501281997732,5725970.0,659,54977.82622871215,14.181687217291818,10.914685223446016,25.095914704995938,0.0,1
40140,"Riverside-San Bernardino-Ontario, CA",2022,0,0,1540170.0,1539440.0,89276666400.0,603,595,0.263501281997732,5725970.0,659,57992.9496440264,14.247403357907716,10.968076724278188,25.21500599617263,0.0,1
40140,"Riverside-San Bernardino-Ontario, CA",2023,1,1,1575380.0,1574470.0,97478317400.0,626,619,0.263501281997732,5725970.0,659,61911.82899642419,14.270007070982253,11.033466538903971,25.302895804577833,0.263501281997732,1
40140,"Riverside-San Bernardino-Ontario, CA",2024,1,2,1600810.0,1596250.0,101615555400.0,618,609,0.263501281997732,5725970.0,659,63658.92272513704,14.28602030910871,11.061294778373343,25.34446246470223,0.263501281997732,1
40220,"Roanoke, VA",2019,0,-3,136240.0,135090.0,6033282200.0,338,324,0.2995678053769669,523890.0,437,44661.20512251092,11.82217331533657,10.70686050941232,22.520557011376045,0.0,1
40220,"Roanoke, VA",2020,0,-2,125140.0,124050.0,5819871300.0,329,317,0.2995678053769669,523890.0,437,46915.52841596131,11.737188389552355,10.756103995923244,22.484543985043192,0.0,1
40220,"Roanoke, VA",2021,0,-1,129580.0,128730.0,6252998700.0,366,360,0.2995678053769669,523890.0,437,48574.52575157306,11.772053730003949,10.790854510977663,22.556326977631343,0.0,1
40220,"Roanoke, VA",2022,0,0,132930.0,132510.0,6831181000.0,369,365,0.2995678053769669,523890.0,437,51552.192287374535,11.797577952861644,10.85035001593899,22.644763409197672,0.0,1
40220,"Roanoke, VA",2023,1,1,136620.0,136570.0,7459287600.0,378,377,0.2995678053769669,523890.0,437,54618.785970564546,11.82495862828584,10.908133167951027,22.732725750623498,0.2995678053769669,1
40220,"Roanoke, VA",2024,1,2,138370.0,137880.0,7858109300.0,385,383,0.2995678053769669,523890.0,437,56992.379605454014,11.83768653566343,10.950672846746846,22.78481186737765,0.2995678053769669,1
40340,"Rochester, MN",2019,0,-3,75150.0,75000.0,3311784000.0,210,209,0.2900421508099375,363260.0,354,44157.12,11.227241395181121,10.695509461432927,21.920752853951374,0.0,1
40340,"Rochester, MN",2020,0,-2,83070.0,82910.0,4175029500.0,230,228,0.2900421508099375,363260.0,354,50356.163309612835,11.327438904833118,10.826876299982265,22.15238726109253,0.0,1
40340,"Rochester, MN",2021,0,-1,100690.0,100480.0,6194997000.0,285,284,0.2900421508099375,363260.0,354,61654.03065286624,11.51980176890966,11.029293886063872,22.5470078677659,0.0,1
40340,"Rochester, MN",2022,0,0,104350.0,103650.0,6981940800.0,304,300,0.2900421508099375,363260.0,354,67360.74095513749,11.555505912505346,11.117817648783523,22.666592766647447,0.0,1
40340,"Rochester, MN",2023,1,1,105630.0,105200.0,7100210000.0,300,297,0.2900421508099375,363260.0,354,67492.49049429658,11.567697700817208,11.119771618735319,22.683390198021065,0.2900421508099375,1
40340,"Rochester, MN",2024,1,2,100750.0,100270.0,7084034200.0,304,298,0.2900421508099375,363260.0,354,70649.58811209734,11.52039747980893,11.165487558118288,22.681109384636258,0.2900421508099375,1
40380,"Rochester, NY",2019,0,-3,470890.0,468950.0,24227911200.0,468,462,0.3145091513937834,1798640.0,584,51664.16718200235,13.062379800074964,10.852519728940528,23.910771160877612,0.0,1
40380,"Rochester, NY",2020,0,-2,431700.0,430600.0,23421025200.0,468,464,0.3145091513937834,1798640.0,584,54391.60520204366,12.97548618154357,10.90396510479717,23.87689996870957,0.0,1
40380,"Rochester, NY",2021,0,-1,441350.0,440380.0,25001539700.0,527,522,0.3145091513937834,1798640.0,584,56772.65021118125,12.997593490448379,10.946809978379372,23.942203247918147,0.0,1
40380,"Rochester, NY",2022,0,0,454700.0,453440.0,26869703200.0,530,523,0.3145091513937834,1798640.0,584,59257.46118560339,13.027393139813102,10.989646978252395,24.01426521373685,0.0,1
40380,"Rochester, NY",2023,1,1,463270.0,461410.0,29084899300.0,542,531,0.3145091513937834,1798640.0,584,63034.8265100453,13.046065316448265,11.051442654381821,24.093484952037368,0.3145091513937834,1
40380,"Rochester, NY",2024,1,2,460800.0,459240.0,29839287700.0,542,530,0.3145091513937834,1798640.0,584,64975.36734604999,13.040719388363819,11.081763513145884,24.119091741353632,0.3145091513937834,1
40420,"Rockford, IL",2019,0,-3,126720.0,126310.0,5777840500.0,294,289,0.2802541075750047,480700.0,391,45743.3338611353,11.749735207048253,10.730801352133906,22.477295833901927,0.0,1
40420,"Rockford, IL",2020,0,-2,113360.0,112670.0,5450304900.0,287,280,0.2802541075750047,480700.0,391,48374.056093015,11.638323874364563,10.786718917852621,22.418937389010832,0.0,1
40420,"Rockford, IL",2021,0,-1,117420.0,117420.0,6033635400.0,325,325,0.2802541075750047,480700.0,391,51385.074092999486,11.673512529618177,10.847103021976972,22.52061555159515,0.0,1
40420,"Rockford, IL",2022,0,0,123200.0,123170.0,6710800000.0,325,324,0.2802541075750047,480700.0,391,54484.04643987984,11.721564330081556,10.90566321192499,22.62698400586052,0.0,1
40420,"Rockford, IL",2023,1,1,126270.0,126060.0,7220579400.0,330,326,0.2802541075750047,480700.0,391,57278.910042836746,11.746177750432725,10.955687772871721,22.70020103593882,0.2802541075750047,1
40420,"Rockford, IL",2024,1,2,126940.0,126070.0,7387361000.0,326,321,0.2802541075750047,480700.0,391,58597.29515348616,11.751469812860462,10.978443816709461,22.723036403934778,0.2802541075750047,1
40580,"Rocky Mount, NC",2019,0,-3,43190.0,43160.0,1636185200.0,187,186,0.2821191172520816,171880.0,264,37909.75903614458,10.673364265954747,10.542963852281913,21.21563327165398,0.0,1
40580,"Rocky Mount, NC",2020,0,-2,40150.0,40120.0,1589220200.0,180,179,0.2821191172520816,171880.0,264,39611.66999002991,10.600377719374908,10.586879050545951,21.18650929262182,0.0,1
40580,"Rocky Mount, NC",2021,0,-1,42480.0,42480.0,1888856200.0,225,225,0.2821191172520816,171880.0,264,44464.59981167608,10.65678865591582,10.702448641718487,21.359237297634305,0.0,1
40580,"Rocky Mount, NC",2022,0,0,46060.0,45870.0,2136546700.0,235,232,0.2821191172520816,171880.0,264,46578.301722258555,10.737700173374677,10.748890083397514,21.482456670988732,0.0,1
40580,"Rocky Mount, NC",2023,1,1,45760.0,45660.0,2274120700.0,232,231,0.2821191172520816,171880.0,264,49805.53438458169,10.731165626053679,10.815881389058532,21.544859309142318,0.2821191172520816,1
40580,"Rocky Mount, NC",2024,1,2,46500.0,46500.0,2403074500.0,238,238,0.2821191172520816,171880.0,264,51679.021505376346,10.747207591575448,10.85280720455774,21.600014796133188,0.2821191172520816,1
40660,"Rome, GA",2019,0,-3,27030.0,25960.0,1034587300.0,140,136,0.28582576607651244,112240.0,216,39853.13174114021,10.204702639270494,10.592956269364851,20.757268440182877,0.0,1
40660,"Rome, GA",2020,0,-2,24190.0,23630.0,1025698800.0,147,143,0.28582576607651244,112240.0,216,43406.63563267033,10.093694603604073,10.678367603163272,20.748639973344225,0.0,1
40660,"Rome, GA",2021,0,-1,30110.0,29960.0,1335664700.0,175,174,0.28582576607651244,112240.0,216,44581.59879839786,10.312612621475779,10.70507646987681,21.012694907507967,0.0,1
40660,"Rome, GA",2022,0,0,30910.0,30760.0,1462057800.0,175,173,0.28582576607651244,112240.0,216,47531.13784135241,10.338835035126163,10.769140308756656,21.103110732376237,0.0,1
40660,"Rome, GA",2023,1,1,33360.0,33360.0,1697965500.0,189,189,0.28582576607651244,112240.0,216,50898.246402877696,10.415112856472684,10.837583750135268,21.25269660660795,0.28582576607651244,1
40660,"Rome, GA",2024,1,2,35230.0,35090.0,1815189600.0,187,185,0.28582576607651244,112240.0,216,51729.54117982331,10.469653271335284,10.853784293440022,21.319455762017284,0.28582576607651244,1
40980,"Saginaw, MI",2019,0,-3,68800.0,68690.0,2952794800.0,217,214,0.30290841234630955,264350.0,308,42987.25869850051,11.138959023921435,10.668659041430217,21.806017948638143,0.0,1
40980,"Saginaw, MI",2020,0,-2,60030.0,58600.0,2636340200.0,205,196,0.30290841234630955,264350.0,308,44988.74061433447,11.00259971624589,10.714167528874725,21.69265750443983,0.0,1
40980,"Saginaw, MI",2021,0,-1,66830.0,66410.0,3231476600.0,262,259,0.30290841234630955,264350.0,308,48659.488028911306,11.109907360505115,10.792602094886998,21.896205021421757,0.0,1
40980,"Saginaw, MI",2022,0,0,68690.0,68550.0,3513712800.0,270,269,0.30290841234630955,264350.0,308,51257.66301969365,11.137358907207927,10.844620408158791,21.97993909314925,0.0,1
40980,"Saginaw, MI",2023,1,1,68500.0,68440.0,3796231600.0,274,273,0.30290841234630955,264350.0,308,55468.02454704851,11.134589024250317,10.92356199941798,22.057274727424108,0.30290841234630955,1
40980,"Saginaw, MI",2024,1,2,68480.0,68340.0,3983481300.0,266,264,0.30290841234630955,264350.0,308,58289.1615452151,11.134297010815624,10.97317144674014,22.105421972409424,0.30290841234630955,1
41060,"St. Cloud, MN",2019,0,-3,88580.0,88210.0,4195735400.0,284,278,0.2905296820184277,348430.0,375,47565.30325359936,11.39166137747719,10.769858851182082,22.157334465434896,0.0,1
41060,"St. Cloud, MN",2020,0,-2,83720.0,83500.0,4150254500.0,282,278,0.2905296820184277,348430.0,375,49703.64670658683,11.335233176559935,10.813833583770956,22.146435494609904,0.0,1
41060,"St. Cloud, MN",2021,0,-1,88200.0,88120.0,4637940700.0,317,315,0.2905296820184277,348430.0,375,52632.10054471176,11.387362241994882,10.87108148909825,22.257536290014528,0.0,1
41060,"St. Cloud, MN",2022,0,0,87930.0,87610.0,4861159800.0,309,306,0.2905296820184277,348430.0,375,55486.357721721266,11.384296322373048,10.923892462703247,22.304542888363656,0.0,1
41060,"St. Cloud, MN",2023,1,1,89570.0,89570.0,5266142100.0,309,309,0.2905296820184277,348430.0,375,58793.592720777044,11.402775721469242,10.981788160615624,22.384563882084866,0.2905296820184277,1
41060,"St. Cloud, MN",2024,1,2,91750.0,91750.0,5675013700.0,310,310,0.2905296820184277,348430.0,375,61853.010354223436,11.426822765916818,11.032516048491063,22.45933881440788,0.2905296820184277,1
41100,"St. George, UT",2019,0,-3,56550.0,55780.0,2197307200.0,199,191,0.28118437438967125,251520.0,318,39392.38436715669,10.942880481544266,10.581327786429384,21.510498447610864,0.0,1
41100,"St. George, UT",2020,0,-2,56090.0,55300.0,2298827700.0,209,200,0.28118437438967125,251520.0,318,41570.12115732369,10.934712822502382,10.635136946779932,21.555665134290358,0.0,1
41100,"St. George, UT",2021,0,-1,67680.0,67290.0,3000146500.0,268,263,0.28118437438967125,251520.0,318,44585.324713924805,11.122545994280104,10.705160041573182,21.821926957755547,0.0,1
41100,"St. George, UT",2022,0,0,71200.0,71120.0,3340324700.0,279,277,0.28118437438967125,251520.0,318,46967.44516310461,11.173248097400068,10.757209984590968,21.929333854778754,0.0,1
41100,"St. George, UT",2023,1,1,75750.0,75580.0,3819879000.0,275,272,0.28118437438967125,251520.0,318,50540.87060068801,11.235193723371616,10.830537606767068,22.063484583670547,0.28118437438967125,1
41100,"St. George, UT",2024,1,2,78400.0,78400.0,4167831300.0,271,271,0.28118437438967125,251520.0,318,53161.113520408166,11.269579206338499,10.881082459191857,22.150661665530354,0.28118437438967125,1
41140,"St. Joseph, MO-KS",2019,0,-3,41460.0,41160.0,1741541300.0,183,179,0.28629187724913197,164440.0,249,42311.499028182705,10.63248438598977,10.6528141727292,21.278036362677184,0.0,1
41140,"St. Joseph, MO-KS",2020,0,-2,39010.0,38760.0,1739395300.0,176,173,0.28629187724913197,164440.0,249,44876.03973168215,10.571573302500703,10.711659295030408,21.27680336103511,0.0,1
41140,"St. Joseph, MO-KS",2021,0,-1,41830.0,41670.0,1931438700.0,207,205,0.28629187724913197,164440.0,249,46350.82073434125,10.641369064436244,10.743994278158507,21.381531002575006,0.0,1
41140,"St. Joseph, MO-KS",2022,0,0,42140.0,42140.0,2138611900.0,207,207,0.28629187724913197,164440.0,249,50750.16373991457,10.64875268735818,10.834670123301086,21.483422810659267,0.0,1
41140,"St. Joseph, MO-KS",2023,1,1,42820.0,42820.0,2240581300.0,206,206,0.28629187724913197,164440.0,249,52325.5791686128,10.664760562143673,10.86524061593164,21.530001178075313,0.28629187724913197,1
41140,"St. Joseph, MO-KS",2024,1,2,44590.0,44430.0,2393072000.0,217,215,0.28629187724913197,164440.0,249,53861.62502813414,10.705264897621522,10.89417353724602,21.595843733175975,0.28629187724913197,1
41180,"St. Louis, MO-IL",2019,0,-3,1271440.0,1269910.0,65470540900.0,551,544,0.311851137859777,4953000.0,676,51555.2605302738,14.055660674370701,10.850409531382661,24.90486612116458,0.0,1
41180,"St. Louis, MO-IL",2020,0,-2,1206290.0,1203950.0,64548320000.0,533,526,0.311851137859777,4953000.0,676,53613.78794800449,14.003060091707294,10.889561551814818,24.890679927564197,0.0,1
41180,"St. Louis, MO-IL",2021,0,-1,1215830.0,1214240.0,66960094800.0,608,601,0.311851137859777,4953000.0,676,55145.6835551456,14.010937529103371,10.917733754259498,24.92736267889724,0.0,1
41180,"St. Louis, MO-IL",2022,0,0,1259440.0,1256710.0,73801162300.0,613,605,0.311851137859777,4953000.0,676,58725.69033428556,14.046177735688511,10.980632564831124,25.024640317751313,0.0,1
41180,"St. Louis, MO-IL",2023,1,1,1268960.0,1265280.0,77652337400.0,612,602,0.311851137859777,4953000.0,676,61371.66271497218,14.053708225317147,11.024703488302295,25.07550748782663,0.311851137859777,1
41180,"St. Louis, MO-IL",2024,1,2,1276440.0,1274390.0,79923378700.0,606,598,0.311851137859777,4953000.0,676,62715.00772918808,14.059585511033712,11.046356055701821,25.10433424641913,0.311851137859777,1
41420,"Salem, OR",2019,0,-3,148770.0,148330.0,7338198700.0,349,344,0.3040639521934619,601770.0,447,49472.11420481359,11.910156768151289,10.809164440418185,22.71635924073584,0.0,1
41420,"Salem, OR",2020,0,-2,143630.0,143420.0,7500595600.0,337,334,0.3040639521934619,601770.0,447,52298.114628364245,11.874995827425868,10.86471560023237,22.738248267668936,0.0,1
41420,"Salem, OR",2021,0,-1,152690.0,152440.0,8427605600.0,384,382,0.3040639521934619,601770.0,447,55284.73891367095,11.936165001177557,10.920252180412596,22.854778535400392,0.0,1
41420,"Salem, OR",2022,0,0,156680.0,156530.0,9232543800.0,386,383,0.3040639521934619,601770.0,447,58982.58353031368,11.961960787779768,10.98499748490795,22.94600044879022,0.0,1
41420,"Salem, OR",2023,1,1,164620.0,164540.0,10279504100.0,403,401,0.3040639521934619,601770.0,447,62474.19533244196,12.011395066526635,11.042508875787346,23.05341785651027,0.3040639521934619,1
41420,"Salem, OR",2024,1,2,168860.0,168650.0,11114960100.0,406,404,0.3040639521934619,601770.0,447,65905.48532463681,12.03682524822349,11.095976954122742,23.131557794612537,0.3040639521934619,1
41500,"Salinas, CA",2019,0,-3,156230.0,154860.0,7377536400.0,293,287,0.2355879903778436,622960.0,398,47640.03874467261,11.959084559405948,10.771428836749187,22.7217055986899,0.0,1
41500,"Salinas, CA",2020,0,-2,146120.0,144700.0,7363654500.0,291,283,0.2355879903778436,622960.0,398,50889.11195577056,11.89218348090922,10.837404269160833,22.71982218178041,0.0,1
41500,"Salinas, CA",2021,0,-1,154280.0,153780.0,8414413200.0,340,339,0.2355879903778436,622960.0,398,54717.21420210691,11.946524412322164,10.909933640951255,22.853211929537427,0.0,1
41500,"Salinas, CA",2022,0,0,166330.0,165910.0,9259286600.0,349,344,0.2355879903778436,622960.0,398,55809.09288168284,12.02172904578458,10.929692089962568,22.948892841599967,0.0,1
41500,"Salinas, CA",2023,1,1,165960.0,165820.0,9894481500.0,360,358,0.2355879903778436,622960.0,398,59670.01266433482,12.019502074446804,10.996584872755669,23.01524301442588,0.2355879903778436,1
41500,"Salinas, CA",2024,1,2,168900.0,168800.0,10495479100.0,346,345,0.2355879903778436,622960.0,398,62177.00888625593,12.037062102795892,11.037740578342742,23.074210439486734,0.2355879903778436,1
41660,"San Angelo, TX",2019,0,-3,37360.0,37360.0,1453601900.0,181,181,0.30831840672650324,151210.0,258,38907.973768736614,10.528355892342779,10.568954489802216,21.097310382144997,0.0,1
41660,"San Angelo, TX",2020,0,-2,34310.0,34140.0,1358720000.0,177,176,0.30831840672650324,151210.0,258,39798.47685998828,10.443192135852495,10.59158392069068,21.029808917039112,0.0,1
41660,"San Angelo, TX",2021,0,-1,38810.0,38810.0,1650892100.0,211,211,0.30831840672650324,151210.0,258,42537.80211285751,10.566433224362951,10.658148421055055,21.224581645418006,0.0,1
41660,"San Angelo, TX",2022,0,0,40730.0,40620.0,1848882100.0,218,217,0.30831840672650324,151210.0,258,45516.546036435255,10.614720200642457,10.725831187987138,21.337847023121512,0.0,1
41660,"San Angelo, TX",2023,1,1,41430.0,41430.0,2020287800.0,214,214,0.30831840672650324,151210.0,258,48763.88607289404,10.631760535071448,10.794745278386968,21.426505813458416,0.30831840672650324,1
41660,"San Angelo, TX",2024,1,2,43010.0,43010.0,2192055200.0,219,219,0.30831840672650324,151210.0,258,50966.17530806789,10.669187925777782,10.838917462419076,21.50810538819686,0.30831840672650324,1
41700,"San Antonio-New Braunfels, TX",2019,0,-3,942610.0,939500.0,43494618200.0,486,478,0.31514641028354173,3804780.0,629,46295.49568919638,13.75640790236945,10.74279995001127,24.495903047846927,0.0,1
41700,"San Antonio-New Braunfels, TX",2020,0,-2,914190.0,910460.0,44380767100.0,486,478,0.31514641028354173,3804780.0,629,48745.43318761945,13.725793706294468,10.794366793835238,24.51607203911446,0.0,1
41700,"San Antonio-New Braunfels, TX",2021,0,-1,948290.0,947460.0,48554385100.0,568,563,0.31514641028354173,3804780.0,629,51246.89707217191,13.762415641630096,10.844410350234504,24.605950348923248,0.0,1
41700,"San Antonio-New Braunfels, TX",2022,0,0,999690.0,999200.0,54137282300.0,566,563,0.31514641028354173,3804780.0,629,54180.626801441154,13.815200509904342,10.90007868444336,24.714788922236863,0.0,1
41700,"San Antonio-New Braunfels, TX",2023,1,1,1033690.0,1032930.0,59630393400.0,556,553,0.31514641028354173,3804780.0,629,57729.36539746159,13.848645482523134,10.963521255399057,24.81143123740999,0.31514641028354173,1
41700,"San Antonio-New Braunfels, TX",2024,1,2,1061950.0,1060080.0,63319725900.0,571,563,0.31514641028354173,3804780.0,629,59731.082465474305,13.875617398696393,10.99760780820527,24.871462743143788,0.31514641028354173,1
41940,"San Jose-Sunnyvale-Santa Clara, CA",2019,0,-3,1017950.0,1014300.0,85493933600.0,452,438,0.3617020036386759,4035160.0,601,84288.60652666863,13.833301358972824,11.34200198096104,25.171711258325125,0.0,1
41940,"San Jose-Sunnyvale-Santa Clara, CA",2020,0,-2,969060.0,966630.0,91238910800.0,448,439,0.3617020036386759,4035160.0,601,94388.66039746335,13.784081808460614,11.45517622201003,25.236747296544742,0.0,1
41940,"San Jose-Sunnyvale-Santa Clara, CA",2021,0,-1,993710.0,990720.0,99665471900.0,509,506,0.3617020036386759,4035160.0,601,100599.03090681524,13.809200692568236,11.518897903468329,25.32508513397172,0.0,1
41940,"San Jose-Sunnyvale-Santa Clara, CA",2022,0,0,1054440.0,1045570.0,119212890900.0,554,545,0.3617020036386759,4035160.0,601,114017.13027343937,13.86852037827789,11.644103981644381,25.504176730864625,0.0,1
41940,"San Jose-Sunnyvale-Santa Clara, CA",2023,1,1,1081110.0,1079810.0,124758857600.0,550,544,0.3617020036386759,4035160.0,601,115537.78683286875,13.893498849076211,11.657352914165376,25.54964857186307,0.3617020036386759,1
41940,"San Jose-Sunnyvale-Santa Clara, CA",2024,1,2,1074480.0,1065460.0,130406225200.0,554,542,0.3617020036386759,4035160.0,601,122394.2946708464,13.887347381582957,11.715003035807694,25.593920224563284,0.3617020036386759,1
42100,"Santa Cruz-Watsonville, CA",2019,0,-3,80360.0,79660.0,4292552200.0,254,246,0.2931154138008689,316510.0,356,53885.917650012554,11.294271818928872,10.894624454671815,22.18014731140745,0.0,1
42100,"Santa Cruz-Watsonville, CA",2020,0,-2,72770.0,70270.0,3967324400.0,237,228,0.2931154138008689,316510.0,356,56458.29514728903,11.195059061341132,10.941257505589784,22.101357749776028,0.0,1
42100,"Santa Cruz-Watsonville, CA",2021,0,-1,79050.0,78190.0,4840809800.0,299,295,0.2931154138008689,316510.0,356,61910.855608134036,11.277835842637618,11.033450816610545,22.300347857729104,0.0,1
42100,"Santa Cruz-Watsonville, CA",2022,0,0,84330.0,84070.0,5350179600.0,305,302,0.2931154138008689,316510.0,356,63639.58130129654,11.342492952568687,11.060990903254979,22.40039596738432,0.0,1
42100,"Santa Cruz-Watsonville, CA",2023,1,1,84900.0,84810.0,5643749800.0,300,298,0.2931154138008689,316510.0,356,66545.8059191133,11.349229372299439,11.105645800336392,22.45381453969214,0.2931154138008689,1
42100,"Santa Cruz-Watsonville, CA",2024,1,2,85920.0,85820.0,6052029300.0,304,302,0.2931154138008689,316510.0,356,70520.03379165696,11.361171909742692,11.163652115690038,22.523659474235554,0.2931154138008689,1
42140,"Santa Fe, NM",2019,0,-3,53200.0,53200.0,2465214700.0,215,215,0.32426969876285905,205530.0,297,46338.62218045113,10.881813675329736,10.743731064709879,21.625544740039615,0.0,1
42140,"Santa Fe, NM",2020,0,-2,48390.0,48330.0,2353332300.0,215,213,0.32426969876285905,205530.0,297,48692.99193047796,10.787048459787364,10.793290395850741,21.57909816068987,0.0,1
42140,"Santa Fe, NM",2021,0,-1,50160.0,50030.0,2499366100.0,231,228,0.32426969876285905,205530.0,297,49957.347591445134,10.822973175306803,10.818924872186544,21.639302976668795,0.0,1
42140,"Santa Fe, NM",2022,0,0,53780.0,53590.0,2816890900.0,251,248,0.32426969876285905,205530.0,297,52563.74136965852,10.892656929822856,10.869781833457278,21.758899595946176,0.0,1
42140,"Santa Fe, NM",2023,1,1,54790.0,54610.0,2999098500.0,248,245,0.32426969876285905,205530.0,297,54918.485625343346,10.91126297453246,10.91360528530915,21.821577580455347,0.32426969876285905,1
42140,"Santa Fe, NM",2024,1,2,54930.0,54610.0,3162797100.0,250,245,0.32426969876285905,205530.0,297,57916.079472624064,10.913814926336666,10.966750336105358,21.874722631251558,0.32426969876285905,1
42200,"Santa Maria-Santa Barbara, CA",2019,0,-3,161440.0,160850.0,8741278800.0,327,319,0.28451646383691637,671090.0,462,54344.28846751632,11.991888835587435,10.903094799033045,22.891322331700216,0.0,1
42200,"Santa Maria-Santa Barbara, CA",2020,0,-2,152840.0,152580.0,8710013000.0,331,325,0.28451646383691637,671090.0,462,57084.89317079565,11.937146901560837,10.952294792702801,22.88773912034702,0.0,1
42200,"Santa Maria-Santa Barbara, CA",2021,0,-1,172610.0,172610.0,10517092000.0,398,398,0.28451646383691637,671090.0,462,60929.795492729274,12.058789993380735,11.017477586807058,23.076267580187793,0.0,1
42200,"Santa Maria-Santa Barbara, CA",2022,0,0,184200.0,184020.0,11825478500.0,398,395,0.28451646383691637,671090.0,462,64261.91990001087,12.123777402803343,11.070722509285645,23.193522235621995,0.0,1
42200,"Santa Maria-Santa Barbara, CA",2023,1,1,186850.0,186590.0,12777984900.0,437,433,0.28451646383691637,671090.0,462,68481.61691408971,12.138061434913629,11.134320622015991,23.270989597407286,0.28451646383691637,1
42200,"Santa Maria-Santa Barbara, CA",2024,1,2,184690.0,184040.0,12841797800.0,418,412,0.28451646383691637,671090.0,462,69777.21038904585,12.126434022869956,11.15306273671388,23.275971140983284,0.28451646383691637,1
42340,"Savannah, GA",2019,0,-3,146120.0,145300.0,6130659500.0,296,289,0.291568254330279,605620.0,440,42193.11424638679,11.89218348090922,10.650012317193609,22.536568166751984,0.0,1
42340,"Savannah, GA",2020,0,-2,139760.0,139500.0,6165142400.0,294,292,0.291568254330279,605620.0,440,44194.56917562724,11.847681944807938,10.696357191187035,22.542177071430594,0.0,1
42340,"Savannah, GA",2021,0,-1,153720.0,153520.0,7353912500.0,373,370,0.291568254330279,605620.0,440,47901.98345492444,11.94288804467878,10.776912190786478,22.718498321468058,0.0,1
42340,"Savannah, GA",2022,0,0,166020.0,164840.0,8492713000.0,369,365,0.291568254330279,605620.0,440,51520.94758553749,12.019863542009027,10.849743753185521,22.862474338638275,0.0,1
42340,"Savannah, GA",2023,1,1,169470.0,168220.0,9087980700.0,374,366,0.291568254330279,605620.0,440,54024.37700630127,12.040431198987417,10.897190649726946,22.930218575243373,0.291568254330279,1
42340,"Savannah, GA",2024,1,2,174430.0,171590.0,9673350800.0,363,356,0.291568254330279,605620.0,440,56374.79340287895,12.069278794012181,10.939777412104322,22.99264060138399,0.291568254330279,1
42660,"Seattle-Tacoma-Bellevue, WA",2019,0,-3,1833280.0,1819210.0,122262058000.0,584,572,0.3354302946443586,7295430.0,697,67206.12683527466,14.42161727020235,11.11551969549919,25.529432594384215,0.0,1
42660,"Seattle-Tacoma-Bellevue, WA",2020,0,-2,1705040.0,1688760.0,118287474600.0,557,545,0.3354302946443586,7295430.0,697,70043.98173808001,14.349099128835121,11.156878634271068,25.496383724049682,0.0,1
42660,"Seattle-Tacoma-Bellevue, WA",2021,0,-1,1823290.0,1792060.0,136631459800.0,619,610,0.3354302946443586,7295430.0,697,76242.68149503923,14.416153119451295,11.241676709470317,25.640553063569673,0.0,1
42660,"Seattle-Tacoma-Bellevue, WA",2022,0,0,1933820.0,1928240.0,154542110900.0,624,619,0.3354302946443586,7295430.0,697,80146.71975480231,14.475007879309263,11.291614230872089,25.76373245860536,0.0,1
42660,"Seattle-Tacoma-Bellevue, WA",2023,1,1,1993160.0,1978300.0,169754535800.0,653,639,0.3354302946443586,7295430.0,697,85808.28782287824,14.505231876956028,11.35987087548333,25.857619323499513,0.3354302946443586,1
42660,"Seattle-Tacoma-Bellevue, WA",2024,1,2,1995470.0,1991610.0,178919103500.0,639,629,0.3354302946443586,7295430.0,697,89836.41551307736,14.506390169531807,11.405745690053102,25.910199604879235,0.3354302946443586,1
42700,"Sebring, FL",2019,0,-3,16640.0,16420.0,536986400.0,101,97,0.29100934528590866,75240.0,155,32703.191230207063,9.719564714375199,10.395227943261471,20.10148332626789,0.0,1
42700,"Sebring, FL",2020,0,-2,17860.0,17420.0,636667900.0,106,98,0.29100934528590866,75240.0,155,36548.09988518944,9.79031885443049,10.506384477101244,20.271758727507738,0.0,1
42700,"Sebring, FL",2021,0,-1,19740.0,19740.0,769735800.0,130,130,0.29100934528590866,75240.0,155,38993.70820668693,9.890402312987472,10.571155584063348,20.46155789705082,0.0,1
42700,"Sebring, FL",2022,0,0,21000.0,20970.0,897572200.0,133,132,0.29100934528590866,75240.0,155,42802.68001907487,9.95227771670556,10.664355996877614,20.61520412077358,0.0,1
42700,"Sebring, FL",2023,1,1,22230.0,22110.0,1037990800.0,140,138,0.29100934528590866,75240.0,155,46946.666666666664,10.009198006958242,10.756767484600879,20.76055275845237,0.29100934528590866,1
42700,"Sebring, FL",2024,1,2,22140.0,22140.0,1099446800.0,140,140,0.29100934528590866,75240.0,155,49658.84372177055,10.005141206262628,10.812931774896008,20.818072981158636,0.29100934528590866,1
43100,"Sheboygan, WI",2019,0,-3,45320.0,44990.0,2058607900.0,197,193,0.2633759947455649,187510.0,274,45757.01044676595,10.721503715141942,10.731100292773657,21.445295814608876,0.0,1
43100,"Sheboygan, WI",2020,0,-2,43780.0,43250.0,2076126900.0,195,191,0.2633759947455649,187510.0,274,48002.934104046246,10.686932371076853,10.779017415189468,21.453769927549494,0.0,1
43100,"Sheboygan, WI",2021,0,-1,48810.0,48730.0,2428263400.0,230,229,0.2633759947455649,187510.0,274,49830.97475887543,10.795690488881194,10.816392052771368,21.61044218860892,0.0,1
43100,"Sheboygan, WI",2022,0,0,49600.0,49550.0,2616566800.0,232,231,0.2633759947455649,187510.0,274,52806.59535822402,10.811746112713019,10.874391373981064,21.6851289137392,0.0,1
43100,"Sheboygan, WI",2023,1,1,51530.0,51400.0,2860440200.0,235,234,0.2633759947455649,187510.0,274,55650.587548638134,10.84991944132227,10.926847914574967,21.774241366018224,0.2633759947455649,1
43100,"Sheboygan, WI",2024,1,2,52490.0,52390.0,3094714800.0,231,229,0.2633759947455649,187510.0,274,59070.71578545524,10.868377954246345,10.986490577807942,21.852961590210207,0.2633759947455649,1
43300,"Sherman-Denison, TX",2019,0,-3,37800.0,37560.0,1492693200.0,184,181,0.28273003713793377,155090.0,257,39741.565495207666,10.54006438160768,10.590152908767442,21.123847842089642,0.0,1
43300,"Sherman-Denison, TX",2020,0,-2,36210.0,35960.0,1445161100.0,167,162,0.28273003713793377,155090.0,257,40188.01724137931,10.497090602759688,10.601324151600211,21.091486640185767,0.0,1
43300,"Sherman-Denison, TX",2021,0,-1,41070.0,41020.0,1769595300.0,205,204,0.28273003713793377,155090.0,257,43139.817162359825,10.623033206950604,10.672201681694942,21.294016713321312,0.0,1
43300,"Sherman-Denison, TX",2022,0,0,40010.0,40010.0,1888990100.0,210,210,0.28273003713793377,155090.0,257,47212.94926268433,10.59688470185128,10.762423482732585,21.359308184583867,0.0,1
43300,"Sherman-Denison, TX",2023,1,1,42260.0,42180.0,2106823300.0,211,210,0.28273003713793377,155090.0,257,49948.39497392129,10.651596291170048,10.818745650906207,21.46844710493897,0.28273003713793377,1
43300,"Sherman-Denison, TX",2024,1,2,44360.0,44260.0,2285451600.0,216,214,0.28273003713793377,155090.0,257,51636.95436059647,10.700093441464304,10.851992864921455,21.549829478526494,0.28273003713793377,1
43340,"Shreveport-Bossier City, LA",2019,0,-3,150120.0,149920.0,5965529900.0,299,296,0.29194121846216115,581340.0,393,39791.42142475987,11.919190253248956,10.591406625948533,22.509263723420784,0.0,1
43340,"Shreveport-Bossier City, LA",2020,0,-2,132920.0,130910.0,5326586800.0,280,271,0.29194121846216115,581340.0,393,40688.92216026277,11.797502722468531,10.613711151587701,22.395976494761847,0.0,1
43340,"Shreveport-Bossier City, LA",2021,0,-1,145930.0,145850.0,6536542900.0,319,317,0.29194121846216115,581340.0,393,44816.88652725403,11.890882333661791,10.710340278794199,22.600674254090066,0.0,1
43340,"Shreveport-Bossier City, LA",2022,0,0,152370.0,151950.0,7220845100.0,317,314,0.29194121846216115,581340.0,393,47521.19183942086,11.9340670524634,10.768931034517902,22.70023783286284,0.0,1
43340,"Shreveport-Bossier City, LA",2023,1,1,155330.0,154160.0,7797443500.0,323,314,0.29194121846216115,581340.0,393,50580.19914374676,11.953307164981952,10.831315457419581,22.77706176050783,0.29194121846216115,1
43340,"Shreveport-Bossier City, LA",2024,1,2,145960.0,145290.0,7676105700.0,320,314,0.29194121846216115,581340.0,393,52832.99401197605,11.891087890550384,10.87489116112448,22.761378185189866,0.29194121846216115,1
43420,"Sierra Vista-Douglas, AZ",2019,0,-3,24180.0,24120.0,1122847100.0,140,139,0.3266029703625806,102620.0,207,46552.53316749585,10.093281124168783,10.748336699430737,20.839133350271858,0.0,1
43420,"Sierra Vista-Douglas, AZ",2020,0,-2,23310.0,23310.0,1116795600.0,147,147,0.3266029703625806,102620.0,207,47910.57915057915,10.056637732029802,10.777091618106738,20.83372935013654,0.0,1
43420,"Sierra Vista-Douglas, AZ",2021,0,-1,27480.0,27480.0,1405164300.0,173,173,0.3266029703625806,102620.0,207,51134.072052401745,10.221213746336286,10.842206326060724,21.063420072397008,0.0,1
43420,"Sierra Vista-Douglas, AZ",2022,0,0,27650.0,27580.0,1485317700.0,178,176,0.3266029703625806,102620.0,207,53854.883973894124,10.22738100695048,10.894048374365951,21.118894525713245,0.0,1
43420,"Sierra Vista-Douglas, AZ",2023,1,1,27920.0,27890.0,1631324300.0,178,177,0.3266029703625806,102620.0,207,58491.36966654715,10.237098556876308,10.97663449526919,21.212657975890725,0.3266029703625806,1
43420,"Sierra Vista-Douglas, AZ",2024,1,2,28440.0,28390.0,1722762700.0,188,187,0.3266029703625806,102620.0,207,60682.02536104262,10.255551883917176,11.013402810641809,21.267195060108826,0.3266029703625806,1
43580,"Sioux City, IA-NE-SD",2019,0,-3,72630.0,72420.0,3176463800.0,271,270,0.26105257400379966,294300.0,357,43861.69290251312,11.193133338600214,10.688796619095516,21.879034402415147,0.0,1
43580,"Sioux City, IA-NE-SD",2020,0,-2,67200.0,67010.0,3000871400.0,260,259,0.26105257400379966,294300.0,357,44782.44142665274,11.115428526511241,10.709571409136696,21.822168550103914,0.0,1
43580,"Sioux City, IA-NE-SD",2021,0,-1,75750.0,75630.0,3546468800.0,296,293,0.26105257400379966,294300.0,357,46892.3548856274,11.235193723371616,10.75560993231175,21.989218241161826,0.0,1
43580,"Sioux City, IA-NE-SD",2022,0,0,78720.0,78560.0,3951479700.0,304,302,0.26105257400379966,294300.0,357,50298.87601832994,11.273652531726135,10.825738010278124,22.097355953306472,0.0,1
43580,"Sioux City, IA-NE-SD",2023,1,1,78070.0,77720.0,4165316400.0,299,295,0.26105257400379966,294300.0,357,53593.880597014926,11.265361139114336,10.889190172575095,22.150058076066472,0.26105257400379966,1
43580,"Sioux City, IA-NE-SD",2024,1,2,66230.0,66230.0,3586273300.0,281,281,0.26105257400379966,294300.0,357,54148.773969500224,11.100888811479026,10.899490610797013,22.000379422276037,0.26105257400379966,1
43780,"South Bend-Mishawaka, IN-MI",2019,0,-3,117440.0,113910.0,5039202800.0,334,310,0.2917708215772868,458140.0,437,44238.45843209551,11.673682843848342,10.697349790021635,22.340513731915593,0.0,1
43780,"South Bend-Mishawaka, IN-MI",2020,0,-2,111140.0,108700.0,5003197600.0,337,316,0.2917708215772868,458140.0,437,46027.57681692732,11.618545946833912,10.736995991865438,22.333343064974738,0.0,1
43780,"South Bend-Mishawaka, IN-MI",2021,0,-1,113740.0,113250.0,5416735100.0,378,375,0.2917708215772868,458140.0,437,47829.89050772627,11.641670420860791,10.775406047475116,22.412759090820394,0.0,1
43780,"South Bend-Mishawaka, IN-MI",2022,0,0,115820.0,115820.0,5890861100.0,380,380,0.2917708215772868,458140.0,437,50862.20946295976,11.659792540779781,10.836875480088366,22.496668020868146,0.0,1
43780,"South Bend-Mishawaka, IN-MI",2023,1,1,118990.0,118830.0,6533532800.0,384,381,0.2917708215772868,458140.0,437,54982.182950433395,11.6867947349492,10.914764465376896,22.60021364466097,0.2917708215772868,1
43780,"South Bend-Mishawaka, IN-MI",2024,1,2,119630.0,119630.0,6768728800.0,376,376,0.2917708215772868,458140.0,437,56580.52996739948,11.69215892516495,10.943420211503092,22.635579136668042,0.2917708215772868,1
43900,"Spartanburg, SC",2019,0,-3,132420.0,131290.0,5777110100.0,293,288,0.2774495108233803,533090.0,382,44002.66661588849,11.793733968478836,10.692005515970552,22.477169411898707,0.0,1
43900,"Spartanburg, SC",2020,0,-2,128800.0,128590.0,5903484500.0,275,272,0.2774495108233803,533090.0,382,45909.35920367058,11.766016092652391,10.734424279482399,22.498808606746884,0.0,1
43900,"Spartanburg, SC",2021,0,-1,137420.0,135630.0,6320302800.0,311,309,0.2774495108233803,533090.0,382,46599.59301039593,11.830797208585066,10.749347086393108,22.56703295534987,0.0,1
43900,"Spartanburg, SC",2022,0,0,134450.0,134280.0,6666280700.0,328,327,0.2774495108233803,533090.0,382,49644.62838844206,11.80894766169701,10.812645474062341,22.620327925156314,0.0,1
43900,"Spartanburg, SC",2023,1,1,138640.0,138420.0,7293743000.0,348,347,0.2774495108233803,533090.0,382,52692.84062996677,11.839635924389487,10.872234873877034,22.710282694272887,0.2774495108233803,1
43900,"Spartanburg, SC",2024,1,2,141090.0,140910.0,7799747100.0,334,330,0.2774495108233803,533090.0,382,55352.68682137535,11.857153263607204,10.921480479350244,22.777357147039396,0.2774495108233803,1
44060,"Spokane-Spokane Valley, WA",2019,0,-3,212310.0,211750.0,10520974100.0,374,367,0.2983655175476254,865830.0,498,49685.82809917355,12.26580274973794,10.813475022512051,23.07663663502635,0.0,1
44060,"Spokane-Spokane Valley, WA",2020,0,-2,207340.0,206310.0,10944848400.0,378,369,0.2983655175476254,865830.0,498,53050.49876399593,12.242115236877103,10.87899954576977,23.116134716751763,0.0,1
44060,"Spokane-Spokane Valley, WA",2021,0,-1,213390.0,213340.0,11957463500.0,436,435,0.2983655175476254,865830.0,498,56048.85862941783,12.27087675639567,10.933979064857068,23.204621481036543,0.0,1
44060,"Spokane-Spokane Valley, WA",2022,0,0,232790.0,232620.0,13764335100.0,442,439,0.2983655175476254,865830.0,498,59170.901470208926,12.357892038590354,10.988185170812567,23.345346670705595,0.0,1
44060,"Spokane-Spokane Valley, WA",2023,1,1,235300.0,234760.0,14917273700.0,431,428,0.2983655175476254,865830.0,498,63542.655051967966,12.368616574715453,11.059466692470943,23.425785687143215,0.2983655175476254,1
44060,"Spokane-Spokane Valley, WA",2024,1,2,239570.0,239460.0,15870049700.0,464,463,0.2983655175476254,865830.0,498,66274.32431303766,12.386600928703034,11.101557835904012,23.48769950317485,0.2983655175476254,1
44100,"Springfield, IL",2019,0,-3,86380.0,86000.0,4168696800.0,254,252,0.3351819771716649,348290.0,361,48473.21860465116,11.366511446514693,10.788766730691943,22.150869305927586,0.0,1
44100,"Springfield, IL",2020,0,-2,81280.0,81170.0,4110982700.0,268,266,0.3351819771716649,348290.0,361,50646.577553283234,11.305655262812309,10.832626936876233,22.136927936631455,0.0,1
44100,"Springfield, IL",2021,0,-1,87720.0,87610.0,5048099900.0,315,313,0.3351819771716649,348290.0,361,57620.133546398814,11.381905202531824,10.961627326344942,22.34227775200535,0.0,1
44100,"Springfield, IL",2022,0,0,92910.0,92460.0,5638748300.0,307,301,0.3351819771716649,348290.0,361,60985.813324680945,11.439386561635358,11.018396547659359,22.452927945201576,0.0,1
44100,"Springfield, IL",2023,1,1,93070.0,92800.0,5834129000.0,311,307,0.3351819771716649,348290.0,361,62867.769396551725,11.441107177179756,11.048788901131843,22.486990819906136,0.3351819771716649,1
44100,"Springfield, IL",2024,1,2,92330.0,92060.0,5987139900.0,305,302,0.3351819771716649,348290.0,361,65035.19335216163,11.433124394766674,11.08268383854119,22.51287965591242,0.3351819771716649,1
44180,"Springfield, MO",2019,0,-3,185360.0,179430.0,7399476600.0,342,316,0.3047703044684774,751500.0,454,41238.79284400602,12.130055159106258,10.627134666218629,22.72467510492534,0.0,1
44180,"Springfield, MO",2020,0,-2,178070.0,176630.0,7756200500.0,326,319,0.3047703044684774,751500.0,454,43912.1355375644,12.08993201039536,10.689945996797297,22.771758424946785,0.0,1
44180,"Springfield, MO",2021,0,-1,189360.0,188970.0,8547232900.0,372,371,0.3047703044684774,751500.0,454,45230.63396306292,12.151405244187865,10.7195298788022,22.868873430086285,0.0,1
44180,"Springfield, MO",2022,0,0,198710.0,198570.0,9670199700.0,396,394,0.3047703044684774,751500.0,454,48699.19776401269,12.199601754399861,10.79341783591678,22.99231479769786,0.0,1
44180,"Springfield, MO",2023,1,1,203070.0,202990.0,10532122700.0,396,395,0.3047703044684774,751500.0,454,51884.93374057835,12.221306026170764,10.856783732994685,23.077695728721498,0.3047703044684774,1
44180,"Springfield, MO",2024,1,2,207460.0,206280.0,11096413800.0,407,400,0.3047703044684774,751500.0,454,53792.969749854565,12.24269382898582,10.892898063816787,23.129887811981682,0.3047703044684774,1
44220,"Springfield, OH",2019,0,-3,36990.0,36610.0,1547468500.0,179,174,0.28533532912971976,146690.0,236,42269.011199125925,10.5184028848265,10.651809500789614,21.159886206903895,0.0,1
44220,"Springfield, OH",2020,0,-2,34830.0,34560.0,1467630200.0,168,164,0.28533532912971976,146690.0,236,42466.15162037037,10.458234363360047,10.656462605129807,21.1069148280478,0.0,1
44220,"Springfield, OH",2021,0,-1,37000.0,37000.0,1703586400.0,196,196,0.28533532912971976,146690.0,236,46042.87567567568,10.51867319162636,10.737328321260483,21.256001512886844,0.0,1
44220,"Springfield, OH",2022,0,0,37870.0,37720.0,1846042500.0,192,189,0.28533532912971976,146690.0,236,48940.681336161186,10.54191452089584,10.798364258766554,21.336309995513947,0.0,1
44220,"Springfield, OH",2023,1,1,37840.0,37590.0,1925287500.0,194,191,0.28533532912971976,146690.0,236,51218.07661612131,10.541122023165814,10.843847807625588,21.37834114418381,0.28533532912971976,1
44220,"Springfield, OH",2024,1,2,39230.0,38980.0,2073244400.0,202,199,0.28533532912971976,146690.0,236,53187.3884043099,10.577197039203599,10.881576587157193,21.452380560218746,0.28533532912971976,1
44300,"State College, PA",2019,0,-3,49810.0,49390.0,2241575100.0,198,192,0.31467612646298926,195090.0,286,45385.20145778498,10.815971046067329,10.722941371813606,21.530444625348277,0.0,1
44300,"State College, PA",2020,0,-2,45850.0,45070.0,2164055600.0,194,189,0.31467612646298926,195090.0,286,48015.43376969159,10.733130477684611,10.779277775076702,21.495249890761396,0.0,1
44300,"State College, PA",2021,0,-1,48070.0,48070.0,2413194300.0,219,219,0.31467612646298926,195090.0,286,50201.6704805492,10.780413560888006,10.823803581631134,21.60421714251914,0.0,1
44300,"State College, PA",2022,0,0,51360.0,50710.0,2705529700.0,241,237,0.31467612646298926,195090.0,286,53352.98166042201,10.846614938363842,10.88468514383589,21.718563552624953,0.0,1
44300,"State College, PA",2023,1,1,53810.0,53810.0,3093444600.0,237,237,0.31467612646298926,195090.0,286,57488.28470544508,10.893214602483466,10.959336461773633,21.8525510642571,0.31467612646298926,1
44300,"State College, PA",2024,1,2,56650.0,56500.0,3372867200.0,246,245,0.31467612646298926,195090.0,286,59696.76460176991,10.944647266456153,10.99703310363692,21.939029020771454,0.31467612646298926,1
44700,"Stockton-Lodi, CA",2019,0,-3,208260.0,207800.0,10266695600.0,326,321,0.2586203606880302,878350.0,454,49406.6198267565,12.246542578083886,10.807839698788413,23.05217105643568,0.0,1
44700,"Stockton-Lodi, CA",2020,0,-2,200370.0,199840.0,10596841600.0,330,325,0.2586203606880302,878350.0,454,53026.62930344275,12.207920936387792,10.8785495060413,23.083821831400705,0.0,1
44700,"Stockton-Lodi, CA",2021,0,-1,234540.0,234420.0,12789711200.0,397,396,0.2586203606880302,878350.0,454,54558.959133179764,12.365381428015056,10.90703721486432,23.271906872141493,0.0,1
44700,"Stockton-Lodi, CA",2022,0,0,235180.0,234800.0,13841526900.0,407,402,0.2586203606880302,878350.0,454,58950.284923339015,12.368106457377406,10.984449739258993,23.35093910619507,0.0,1
44700,"Stockton-Lodi, CA",2023,1,1,256340.0,255910.0,15766079700.0,411,407,0.2586203606880302,878350.0,454,61607.90785823141,12.454259967283814,11.028545515604272,23.48112661475339,0.2586203606880302,1
44700,"Stockton-Lodi, CA",2024,1,2,264570.0,264440.0,16702089000.0,414,412,0.2586203606880302,878350.0,454,63160.22160036303,12.485861145550336,11.053429976918887,23.538799638366402,0.2586203606880302,1
44940,"Sumter, SC",2019,0,-3,26870.0,26760.0,1038809000.0,142,141,0.279854317376148,107420.0,205,38819.469357249625,10.198765701609537,10.566677187316067,20.761340701558233,0.0,1
44940,"Sumter, SC",2020,0,-2,25490.0,25290.0,1013343000.0,138,136,0.279854317376148,107420.0,205,40068.92052194543,10.146041497370161,10.598356263460605,20.736520603124614,0.0,1
44940,"Sumter, SC",2021,0,-1,27400.0,27400.0,1154612200.0,166,166,0.279854317376148,107420.0,205,42139.131386861314,10.218298292376161,10.648732074589054,20.867030366965217,0.0,1
44940,"Sumter, SC",2022,0,0,27660.0,27660.0,1217804400.0,170,170,0.279854317376148,107420.0,205,44027.63557483731,10.227742605218749,10.692572796986225,20.920315402204974,0.0,1
44940,"Sumter, SC",2023,1,1,27620.0,27620.0,1330565400.0,174,174,0.279854317376148,107420.0,205,48173.982621288924,10.226295426963283,10.782574374663907,21.008869801627192,0.279854317376148,1
44940,"Sumter, SC",2024,1,2,27540.0,27470.0,1357677300.0,168,167,0.279854317376148,107420.0,205,49424.00072806698,10.223394772282646,10.808191429889405,21.029041208978725,0.279854317376148,1
45060,"Syracuse, NY",2019,0,-3,274790.0,274470.0,14066126800.0,425,422,0.3122907534165646,1063020.0,531,51248.32149233067,12.523762448566304,10.84443814509516,23.36703538943685,0.0,1
45060,"Syracuse, NY",2020,0,-2,254230.0,252560.0,13714958100.0,428,423,0.3122907534165646,1063020.0,531,54303.761878365534,12.445994648083202,10.902348783050222,23.341752906282096,0.0,1
45060,"Syracuse, NY",2021,0,-1,264020.0,263340.0,15258226200.0,481,473,0.3122907534165646,1063020.0,531,57941.16427432217,12.483780136834751,10.967183365604056,23.44838461751439,0.0,1
45060,"Syracuse, NY",2022,0,0,269980.0,267310.0,16043909900.0,468,456,0.3122907534165646,1063020.0,531,60019.8642026112,12.506103161162818,11.002430856456163,23.498595169031915,0.0,1
45060,"Syracuse, NY",2023,1,1,275240.0,273970.0,17357356700.0,475,460,0.3122907534165646,1063020.0,531,63354.953827061356,12.525398723316416,11.056508380435668,23.577282270760417,0.3122907534165646,1
45060,"Syracuse, NY",2024,1,2,275610.0,274920.0,17923595000.0,488,482,0.3122907534165646,1063020.0,531,65195.675105485236,12.526742101933621,11.085148412976675,23.609383838212217,0.3122907534165646,1
45220,"Tallahassee, FL",2019,0,-3,145650.0,142440.0,6132977400.0,308,304,0.34999526069004233,601920.0,424,43056.56697556866,11.88896176238758,10.670270041208875,22.536946178600587,0.0,1
45220,"Tallahassee, FL",2020,0,-2,144030.0,139620.0,6546365200.0,305,296,0.34999526069004233,601920.0,424,46887.01618679272,11.877776890193095,10.75549607574011,22.6021758012645,0.0,1
45220,"Tallahassee, FL",2021,0,-1,153880.0,153370.0,7185348200.0,359,355,0.34999526069004233,601920.0,424,46849.763317467565,11.943928356866232,10.75470123573209,22.695309817376916,0.0,1
45220,"Tallahassee, FL",2022,0,0,158360.0,158060.0,7974634000.0,363,359,0.34999526069004233,601920.0,424,50453.207642667345,11.972626201220066,10.82880160438829,22.799531591147257,0.0,1
45220,"Tallahassee, FL",2023,1,1,161860.0,161860.0,8490220700.0,364,364,0.34999526069004233,601920.0,424,52454.100457185225,11.994487043049693,10.867693789170678,22.86218083222037,0.34999526069004233,1
45220,"Tallahassee, FL",2024,1,2,163510.0,163290.0,9395499600.0,358,355,0.34999526069004233,601920.0,424,57538.73231673709,12.004629429528633,10.960213605523553,22.96349664561991,0.34999526069004233,1
45300,"Tampa-St. Petersburg-Clearwater, FL",2019,0,-3,1210750.0,1207040.0,58241882700.0,493,484,0.33316526057141593,4943750.0,644,48251.824877386,14.006750560265475,10.7841889273449,24.78787056689202,0.0,1
45300,"Tampa-St. Petersburg-Clearwater, FL",2020,0,-2,1181840.0,1176160.0,58920843400.0,502,486,0.33316526057141593,4943750.0,644,50095.942218745746,13.98258310399549,10.821695290154985,24.7994607427629,0.0,1
45300,"Tampa-St. Petersburg-Clearwater, FL",2021,0,-1,1235510.0,1234970.0,65763384900.0,580,577,0.33316526057141593,4943750.0,644,53250.99791897779,14.02699439826716,10.882771823658569,24.909329059909766,0.0,1
45300,"Tampa-St. Petersburg-Clearwater, FL",2022,0,0,1315650.0,1311980.0,75117458800.0,593,583,0.33316526057141593,4943750.0,644,57255.03346087593,14.089841398047637,10.955270838265676,25.04231884273322,0.0,1
45300,"Tampa-St. Petersburg-Clearwater, FL",2023,1,1,1364490.0,1353790.0,83425114900.0,597,582,0.33316526057141593,4943750.0,644,61623.379475398695,14.126291290411846,11.028796614453977,25.147215238867886,0.33316526057141593,1
45300,"Tampa-St. Petersburg-Clearwater, FL",2024,1,2,1374520.0,1371980.0,87542157100.0,592,584,0.33316526057141593,4943750.0,644,63807.167086983776,14.133615137227302,11.063620799810156,25.1953863097124,0.33316526057141593,1
45460,"Terre Haute, IN",2019,0,-3,53560.0,52010.0,2103765000.0,222,207,0.2772382859733367,213430.0,311,40449.24053066718,10.888557799805108,10.60780314680153,21.466994433568647,0.0,1
45460,"Terre Haute, IN",2020,0,-2,50960.0,50330.0,2112199200.0,224,216,0.2772382859733367,213430.0,311,41967.00178819789,10.838796290246044,10.64463891675416,21.470995516524564,0.0,1
45460,"Terre Haute, IN",2021,0,-1,53910.0,53200.0,2336612000.0,265,260,0.2772382859733367,213430.0,311,43921.278195488725,10.895071268445715,10.690154178571607,21.571967853901345,0.0,1
45460,"Terre Haute, IN",2022,0,0,55000.0,54970.0,2599828000.0,267,266,0.2772382859733367,213430.0,311,47295.39748953975,10.915088464214607,10.764168265084725,21.678711125939433,0.0,1
45460,"Terre Haute, IN",2023,1,1,56010.0,55970.0,2773768200.0,269,268,0.2772382859733367,213430.0,311,49558.12399499732,10.933285525203878,10.810901481818341,21.743472593703746,0.2772382859733367,1
45460,"Terre Haute, IN",2024,1,2,56370.0,56100.0,2878857300.0,273,270,0.2772382859733367,213430.0,311,51316.529411764706,10.93969238107562,10.84576819001577,21.780659281526557,0.2772382859733367,1
45500,"Texarkana, TX-AR",2019,0,-3,45270.0,44920.0,1721952000.0,192,187,0.2745738303730855,186340.0,273,38333.74888691006,10.720399840430005,10.554085959146608,21.266724367998986,0.0,1
45500,"Texarkana, TX-AR",2020,0,-2,43390.0,42500.0,1688209100.0,184,178,0.2745738303730855,186340.0,273,39722.56705882353,10.677984278792396,10.58967474494345,21.24693409985596,0.0,1
45500,"Texarkana, TX-AR",2021,0,-1,48860.0,48630.0,2077034300.0,234,232,0.2745738303730855,186340.0,273,42710.96648159572,10.79671434481173,10.662210992509374,21.454206895907205,0.0,1
45500,"Texarkana, TX-AR",2022,0,0,48820.0,48820.0,2215892400.0,239,239,0.2745738303730855,186340.0,273,45389.02908643999,10.79589534394695,10.72302570474894,21.51892104869589,0.0,1
45500,"Texarkana, TX-AR",2023,1,1,48990.0,48890.0,2364411500.0,229,228,0.2745738303730855,186340.0,273,48361.863366741665,10.79937147463262,10.786466835143198,21.58379499071589,0.2745738303730855,1
45500,"Texarkana, TX-AR",2024,1,2,49350.0,49000.0,2472901400.0,223,218,0.2745738303730855,186340.0,273,50467.37551020408,10.806693044861628,10.829082376995565,21.62865795408833,0.2745738303730855,1
45780,"Toledo, OH",2019,0,-3,264170.0,263230.0,11956678300.0,404,398,0.2864230499270415,1015920.0,510,45422.931656726054,12.484348114282383,10.723772359079133,23.204555812779923,0.0,1
45780,"Toledo, OH",2020,0,-2,241180.0,240550.0,11499617700.0,385,380,0.2864230499270415,1015920.0,510,47805.51943462897,12.393298821657584,10.774896381157179,23.165579628284778,0.0,1
45780,"Toledo, OH",2021,0,-1,251980.0,251740.0,12840065800.0,449,447,0.2864230499270415,1015920.0,510,51005.26654484786,12.437104998264621,10.839684171960192,23.275836259805686,0.0,1
45780,"Toledo, OH",2022,0,0,258590.0,258240.0,14012404200.0,443,437,0.2864230499270415,1015920.0,510,54261.1686802974,12.462999074811952,10.901564124504699,23.363208788568418,0.0,1
45780,"Toledo, OH",2023,1,1,266760.0,266520.0,15283318100.0,459,457,0.2864230499270415,1015920.0,510,57343.982065135824,12.494104656746243,10.956823183575343,23.450027750251817,0.2864230499270415,1
45780,"Toledo, OH",2024,1,2,268970.0,268530.0,15959160600.0,443,440,0.2864230499270415,1015920.0,510,59431.574125796,12.502355128201126,10.992580915066904,23.4932988336,0.2864230499270415,1
45820,"Topeka, KS",2019,0,-3,96020.0,95640.0,4262610000.0,284,281,0.31315424119802254,382140.0,376,44569.32245922208,11.472311782084931,10.704801064102417,22.17314748567468,0.0,1
45820,"Topeka, KS",2020,0,-2,90340.0,89930.0,4174406500.0,281,279,0.31315424119802254,382140.0,376,46418.39764261092,11.411335609208596,10.745451160546969,22.15223802945553,0.0,1
45820,"Topeka, KS",2021,0,-1,95910.0,95700.0,4715886800.0,320,318,0.31315424119802254,382140.0,376,49277.814002089865,11.471165530721997,10.805229238499699,22.274202815940743,0.0,1
45820,"Topeka, KS",2022,0,0,99870.0,99870.0,5069876600.0,312,312,0.31315424119802254,382140.0,376,50764.76018824472,11.51162461923718,10.834957695765626,22.346582315002806,0.0,1
45820,"Topeka, KS",2023,1,1,102930.0,102810.0,5708076500.0,319,317,0.31315424119802254,382140.0,376,55520.635152222545,11.541804424520604,10.924510035176894,22.46514793871366,0.31315424119802254,1
45820,"Topeka, KS",2024,1,2,102110.0,101920.0,6004736600.0,317,315,0.31315424119802254,382140.0,376,58916.17543171115,11.533805942549584,10.98387095726321,22.515814428069202,0.31315424119802254,1
46060,"Tucson, AZ",2019,0,-3,336160.0,333220.0,15943884600.0,418,409,0.3206786490458689,1360430.0,538,47847.92209351179,12.725342516078827,10.775782970515237,23.4923411819983,0.0,1
46060,"Tucson, AZ",2020,0,-2,326700.0,323100.0,16115047600.0,414,400,0.3206786490458689,1360430.0,538,49876.34664190653,12.696797597589162,10.81730215416664,23.50301930597923,0.0,1
46060,"Tucson, AZ",2021,0,-1,343720.0,343220.0,17886069300.0,477,475,0.3206786490458689,1360430.0,538,52112.54967659227,12.747582651427159,10.861161075445345,23.60728799540164,0.0,1
46060,"Tucson, AZ",2022,0,0,353850.0,352610.0,19380953400.0,467,459,0.3206786490458689,1360430.0,538,54964.27611241882,12.77662837350393,10.914438727952962,23.687556637245436,0.0,1
46060,"Tucson, AZ",2023,1,1,354580.0,353640.0,20758269600.0,458,451,0.3206786490458689,1360430.0,538,58698.8734306074,12.778689269452371,10.980175813649181,23.756210539168922,0.3206786490458689,1
46060,"Tucson, AZ",2024,1,2,358940.0,357510.0,22058222500.0,459,450,0.3206786490458689,1360430.0,538,61699.59581550166,12.790910522583268,11.03003265906978,23.81695127182274,0.3206786490458689,1
46140,"Tulsa, OK",2019,0,-3,409730.0,408340.0,19325761100.0,459,453,0.3015542129411279,1606990.0,577,47327.62183474556,12.923253685164665,10.764849375171503,23.684704814861693,0.0,1
46140,"Tulsa, OK",2020,0,-2,392310.0,388970.0,19072150100.0,455,446,0.3015542129411279,1606990.0,577,49032.444918631256,12.879807622568658,10.800237499170558,23.671494997974555,0.0,1
46140,"Tulsa, OK",2021,0,-1,398400.0,397350.0,20179916400.0,517,508,0.3015542129411279,1606990.0,577,50786.24990562476,12.89521180469258,10.835380925779408,23.727953709147734,0.0,1
46140,"Tulsa, OK",2022,0,0,406550.0,405590.0,21409335800.0,520,512,0.3015542129411279,1606990.0,577,52785.659902857566,12.915462201635984,10.873994840057453,23.78709291618028,0.0,1
46140,"Tulsa, OK",2023,1,1,422400.0,417930.0,22985185300.0,505,501,0.3015542129411279,1606990.0,577,54997.69171870888,12.95370801137419,10.915046494583148,23.858115727951528,0.3015542129411279,1
46140,"Tulsa, OK",2024,1,2,431950.0,427130.0,24297682300.0,499,495,0.3015542129411279,1606990.0,577,56885.91833867909,12.97606511978703,10.94880310861918,23.913646804143262,0.3015542129411279,1
46220,"Tuscaloosa, AL",2019,0,-3,83860.0,83260.0,3500481700.0,265,264,0.2777583566655529,327830.0,361,42042.77804467932,11.336904020724754,10.646442903794298,21.976166424543266,0.0,1
46220,"Tuscaloosa, AL",2020,0,-2,78240.0,78240.0,3449184000.0,253,253,0.2777583566655529,327830.0,361,44084.662576687115,11.267536304708699,10.693867213566172,21.96140351827487,0.0,1
46220,"Tuscaloosa, AL",2021,0,-1,80910.0,80660.0,3699863100.0,299,297,0.2777583566655529,327830.0,361,45869.8623853211,11.301092704801885,10.733563587484714,22.03156165591207,0.0,1
46220,"Tuscaloosa, AL",2022,0,0,84820.0,84590.0,4057284500.0,307,306,0.2777583566655529,327830.0,361,47964.115143634,11.348286643028581,10.77820840912262,22.12377974442068,0.0,1
46220,"Tuscaloosa, AL",2023,1,1,84980.0,84850.0,4260125900.0,301,299,0.2777583566655529,327830.0,361,50207.730111962286,11.350171213668803,10.823924280119218,22.17256455078159,0.2777583566655529,1
46220,"Tuscaloosa, AL",2024,1,2,90040.0,90000.0,4648595700.0,303,302,0.2777583566655529,327830.0,361,51651.06333333333,11.408009295020669,10.85226606162209,22.259831010934494,0.2777583566655529,1
46300,"Twin Falls, ID",2019,0,-3,35880.0,35720.0,1333729300.0,141,139,0.2669155651737757,150040.0,232,37338.44624860022,10.487935316172733,10.52777880531941,21.011244840309846,0.0,1
46300,"Twin Falls, ID",2020,0,-2,36570.0,36300.0,1425804600.0,160,156,0.2669155651737757,150040.0,232,39278.36363636364,10.506983511143426,10.578429102648599,21.07800212290154,0.0,1
46300,"Twin Falls, ID",2021,0,-1,38830.0,38670.0,1648971900.0,200,199,0.2669155651737757,150040.0,232,42642.14895267649,10.566948422725712,10.660598455146651,21.223417839747995,0.0,1
46300,"Twin Falls, ID",2022,0,0,38760.0,38580.0,1745356600.0,194,192,0.2669155651737757,150040.0,232,45239.93260756869,10.565144066004702,10.719735440564241,21.28022472702396,0.0,1
46300,"Twin Falls, ID",2023,1,1,40270.0,40070.0,1957207300.0,203,200,0.2669155651737757,150040.0,232,48844.70426753182,10.6033620538455,10.796401243560204,21.394784447190393,0.2669155651737757,1
46300,"Twin Falls, ID",2024,1,2,41650.0,41650.0,2132922000.0,198,198,0.2669155651737757,150040.0,232,51210.61224489796,10.637056647594989,10.843702059958218,21.480758707553207,0.2669155651737757,1
46340,"Tyler, TX",2019,0,-3,89630.0,89050.0,3742361100.0,275,268,0.28915180792934003,359070.0,379,42025.391353172374,11.403445364351407,10.646029270623043,22.04298255934085,0.0,1
46340,"Tyler, TX",2020,0,-2,82660.0,81980.0,3484852300.0,267,260,0.28915180792934003,359070.0,379,42508.56672359112,11.322491088065723,10.657460904566861,21.97169149862519,0.0,1
46340,"Tyler, TX",2021,0,-1,92090.0,92090.0,4199200700.0,315,315,0.28915180792934003,359070.0,379,45598.87827125638,11.430521638715412,10.727638395885355,22.15816003460077,0.0,1
46340,"Tyler, TX",2022,0,0,94690.0,94470.0,4505237800.0,306,304,0.28915180792934003,359070.0,379,47689.61363395787,11.458363676977546,10.772468909643974,22.228506512407154,0.0,1
46340,"Tyler, TX",2023,1,1,99380.0,99380.0,5129560200.0,313,313,0.28915180792934003,359070.0,379,51615.61883678809,11.506706165156311,10.851579596303514,22.358285761459825,0.28915180792934003,1
46340,"Tyler, TX",2024,1,2,100840.0,100600.0,5328964200.0,318,315,0.28915180792934003,359070.0,379,52971.8111332008,11.521290381301856,10.877515185632374,22.39642272228015,0.28915180792934003,1
46520,"Urban Honolulu, HI",2019,0,-3,403360.0,401120.0,22385792400.0,439,426,0.30686369043139705,1518370.0,545,55808.21798962904,12.907584742421747,10.92967641332519,23.83169232671731,0.0,1
46520,"Urban Honolulu, HI",2020,0,-2,362540.0,357030.0,21076807800.0,425,415,0.30686369043139705,1518370.0,545,59033.716494412234,12.80089009201691,10.985864025670327,23.771439116514923,0.0,1
46520,"Urban Honolulu, HI",2021,0,-1,361950.0,358260.0,21662510200.0,460,451,0.30686369043139705,1518370.0,545,60465.89125216323,12.799261359721287,11.009834704078711,23.798848962847806,0.0,1
46520,"Urban Honolulu, HI",2022,0,0,390520.0,389010.0,24096619400.0,459,448,0.30686369043139705,1518370.0,545,61943.44464152592,12.875234463339607,11.033977064533762,23.9053373937448,0.0,1
46520,"Urban Honolulu, HI",2023,1,1,405610.0,402030.0,26145865700.0,460,444,0.30686369043139705,1518370.0,545,65034.61358605079,12.913147385787532,11.082674923849542,23.986956915531927,0.30686369043139705,1
46520,"Urban Honolulu, HI",2024,1,2,410100.0,407130.0,27409377200.0,446,432,0.30686369043139705,1518370.0,545,67323.40333554393,12.92415631138015,11.117263201624999,24.034151025368526,0.30686369043139705,1
46540,"Utica-Rome, NY",2019,0,-3,100180.0,100140.0,4881169800.0,304,303,0.29722733964113474,404350.0,394,48743.45715997603,11.514723846911608,10.794326255315687,22.308650741199624,0.0,1
46540,"Utica-Rome, NY",2020,0,-2,98960.0,98510.0,4855413200.0,299,294,0.29722733964113474,404350.0,394,49288.53111359253,11.502471007066369,10.805446698354425,22.30336004320415,0.0,1
46540,"Utica-Rome, NY",2021,0,-1,102000.0,101730.0,5345126900.0,340,336,0.29722733964113474,404350.0,394,52542.287427504176,11.532728092266408,10.869373599168574,22.399451122956368,0.0,1
46540,"Utica-Rome, NY",2022,0,0,103210.0,101950.0,5502002100.0,338,331,0.29722733964113474,404350.0,394,53967.65179009318,11.544521026559979,10.89614010512551,22.42837788112811,0.0,1
46540,"Utica-Rome, NY",2023,1,1,105040.0,104560.0,6027936600.0,351,344,0.29722733964113474,404350.0,394,57650.50306044376,11.562096508976678,10.962154251772642,22.519670600070747,0.29722733964113474,1
46540,"Utica-Rome, NY",2024,1,2,104690.0,104050.0,6201973000.0,351,343,0.29722733964113474,404350.0,394,59605.69918308505,11.5587588813134,10.995506472359036,22.548133304180816,0.29722733964113474,1
46660,"Valdosta, GA",2019,0,-3,38150.0,38120.0,1446870000.0,176,175,0.29226187070011517,161770.0,249,37955.66631689402,10.549281036712603,10.544174081741222,21.09266843950936,0.0,1
46660,"Valdosta, GA",2020,0,-2,36190.0,36150.0,1364436300.0,169,168,0.29226187070011517,161770.0,249,37743.742738589215,10.496538116557788,10.538574985669088,21.034007213256,0.0,1
46660,"Valdosta, GA",2021,0,-1,42850.0,42750.0,1725996600.0,208,206,0.29226187070011517,161770.0,249,40374.18947368421,10.665460924025925,10.605945985368264,21.269070459733168,0.0,1
46660,"Valdosta, GA",2022,0,0,44580.0,44480.0,1904473700.0,210,209,0.29226187070011517,161770.0,249,42816.405125899284,10.70504060693986,10.664676605464326,21.36747153438879,0.0,1
46660,"Valdosta, GA",2023,1,1,46090.0,45800.0,2100917800.0,214,212,0.29226187070011517,161770.0,249,45871.56768558952,10.738351285714554,10.733600763715067,21.46564013381734,0.29226187070011517,1
46660,"Valdosta, GA",2024,1,2,46900.0,46320.0,2222672900.0,225,221,0.29226187070011517,161770.0,249,47985.166234887736,10.75577295443437,10.778647205355153,21.52197631760203,0.29226187070011517,1
47020,"Victoria, TX",2019,0,-3,30950.0,30540.0,1271678300.0,148,143,0.2922990363922064,121350.0,227,41639.7609692207,10.340128278112742,10.636810782299861,20.963603361072487,0.0,1
47020,"Victoria, TX",2020,0,-2,27620.0,27550.0,1175081800.0,136,135,0.2922990363922064,121350.0,227,42652.696914700544,10.226295426963283,10.660845784559598,20.884603599140657,0.0,1
47020,"Victoria, TX",2021,0,-1,30710.0,30650.0,1359463400.0,178,177,0.2922990363922064,121350.0,227,44354.433931484506,10.332343613434867,10.699967958647672,21.03035590001203,0.0,1
47020,"Victoria, TX",2022,0,0,32070.0,32020.0,1521063800.0,194,193,0.2922990363922064,121350.0,227,47503.55402873204,10.375676292687201,10.768559808881248,21.142675795431956,0.0,1
47020,"Victoria, TX",2023,1,1,31880.0,31880.0,1638915300.0,183,183,0.2922990363922064,121350.0,227,51408.88644918444,10.369734132904151,10.847566324616258,21.21730045752041,0.2922990363922064,1
47020,"Victoria, TX",2024,1,2,31570.0,31430.0,1632982300.0,188,186,0.2922990363922064,121350.0,227,51956.16608335985,10.359962581552038,10.85815568213766,21.213673811929272,0.2922990363922064,1
47380,"Waco, TX",2019,0,-3,96700.0,96390.0,4088635400.0,282,278,0.3014330705986805,401860.0,391,42417.630459591244,11.479368681441386,10.655319367520104,22.131477108298117,0.0,1
47380,"Waco, TX",2020,0,-2,95330.0,94400.0,4111445200.0,274,269,0.3014330705986805,401860.0,391,43553.44491525424,11.465099835487624,10.68174408168388,22.13704043381747,0.0,1
47380,"Waco, TX",2021,0,-1,102020.0,101890.0,4698420400.0,335,334,0.3014330705986805,401860.0,391,46112.6744528413,11.532924151476918,10.738843125098454,22.270492204066784,0.0,1
47380,"Waco, TX",2022,0,0,107810.0,106850.0,5294853200.0,338,333,0.3014330705986805,401860.0,391,49554.07767898924,11.588125697533163,10.810819830599986,22.39000109134728,0.0,1
47380,"Waco, TX",2023,1,1,112980.0,112740.0,5987875900.0,353,352,0.3014330705986805,401860.0,391,53112.25740642186,11.634966090879253,10.880163016870567,22.513002578506132,0.3014330705986805,1
47380,"Waco, TX",2024,1,2,115040.0,114680.0,6291704600.0,335,331,0.3014330705986805,401860.0,391,54863.13742588071,11.653035172954874,10.912596952536981,22.562497872534287,0.3014330705986805,1
47460,"Walla Walla, WA",2019,0,-3,16810.0,16810.0,764761300.0,123,123,0.28049647928033006,69470.0,181,45494.425936942294,9.729729226402661,10.725345090554072,20.455074316956733,0.0,1
47460,"Walla Walla, WA",2020,0,-2,16250.0,16170.0,813990200.0,131,129,0.28049647928033006,69470.0,181,50339.52999381571,9.695848187757884,10.82654593201115,20.5174588845823,0.0,1
47460,"Walla Walla, WA",2021,0,-1,17830.0,17830.0,918112200.0,142,142,0.28049647928033006,69470.0,181,51492.55187885586,9.788637710857186,10.849192452481274,20.63783016333846,0.0,1
47460,"Walla Walla, WA",2022,0,0,18580.0,18470.0,993373400.0,148,145,0.28049647928033006,69470.0,181,53783.0752571738,9.82984101236783,10.892714110359341,20.71661718355263,0.0,1
47460,"Walla Walla, WA",2023,1,1,19980.0,19910.0,1195358500.0,162,160,0.28049647928033006,69470.0,181,60038.096433952785,9.902487052202545,11.002734580280642,20.901711977338884,0.28049647928033006,1
47460,"Walla Walla, WA",2024,1,2,18560.0,18560.0,1148946300.0,152,152,0.28049647928033006,69470.0,181,61904.43426724138,9.828764006340192,11.033347092088235,20.86211109842843,0.28049647928033006,1
47580,"Warner Robins, GA",2019,0,-3,53450.0,53190.0,2409582400.0,197,193,0.3134524723329673,226060.0,288,45301.41755969167,10.886501916453192,10.721093603689944,21.602719291426308,0.0,1
47580,"Warner Robins, GA",2020,0,-2,49560.0,49200.0,2290996200.0,193,188,0.3134524723329673,226060.0,288,46564.96341463415,10.810939335743079,10.748603679271655,21.552252581752054,0.0,1
47580,"Warner Robins, GA",2021,0,-1,60290.0,60260.0,2994371300.0,246,245,0.3134524723329673,226060.0,288,49690.86126783936,11.006921531483451,10.813576317266428,21.82000012995072,0.0,1
47580,"Warner Robins, GA",2022,0,0,62760.0,62650.0,3290651700.0,242,241,0.3134524723329673,226060.0,288,52524.3687150838,11.047073206846969,10.869032506889596,21.91435146721381,0.0,1
47580,"Warner Robins, GA",2023,1,1,66030.0,65800.0,3634864500.0,247,245,0.3134524723329673,226060.0,288,55241.10182370821,11.097864463188618,10.91946255344502,22.01383767075843,0.3134524723329673,1
47580,"Warner Robins, GA",2024,1,2,64550.0,64550.0,3780895900.0,248,248,0.3134524723329673,226060.0,288,58573.13555383424,11.075195396274788,10.978031432802558,22.053226829077346,0.3134524723329673,1
47900,"Washington-Arlington-Alexandria, DC-VA-MD-WV",2019,0,-3,2899630.0,2894420.0,205742973200.0,620,611,0.36250007576503235,11372820.0,713,71082.6256037479,14.880093700609994,11.171598220299762,26.049893523794026,0.0,1
47900,"Washington-Arlington-Alexandria, DC-VA-MD-WV",2020,0,-2,2716760.0,2714530.0,204247369800.0,595,591,0.36250007576503235,11372820.0,713,75242.25917562157,14.814950551787009,11.228468309221784,26.04259769324743,0.0,1
47900,"Washington-Arlington-Alexandria, DC-VA-MD-WV",2021,0,-1,2827260.0,2825050.0,228564883800.0,659,653,0.36250007576503235,11372820.0,713,80906.49149572574,14.854818602733243,11.301049340812932,26.155085962334027,0.0,1
47900,"Washington-Arlington-Alexandria, DC-VA-MD-WV",2022,0,0,2929170.0,2884920.0,241686415100.0,672,661,0.36250007576503235,11372820.0,713,83775.7771792632,14.890229664412386,11.335899189545628,26.210906917449442,0.0,1
47900,"Washington-Arlington-Alexandria, DC-VA-MD-WV",2023,1,1,2993550.0,2989460.0,265864180100.0,658,651,0.36250007576503235,11372820.0,713,88933.84761796445,14.911970532064242,11.395648087149471,26.306251414199146,0.36250007576503235,1
47900,"Washington-Arlington-Alexandria, DC-VA-MD-WV",2024,1,2,3018100.0,3016360.0,274668872700.0,653,648,0.36250007576503235,11372820.0,713,91059.71193756713,14.920138052287172,11.41927074544831,26.33883210983028,0.36250007576503235,1
47940,"Waterloo-Cedar Falls, IA",2019,0,-3,72060.0,71610.0,3103368700.0,265,260,0.2914497993123944,291590.0,366,43337.085602569474,11.185254384302084,10.676764027849366,21.855754035850353,0.0,1
47940,"Waterloo-Cedar Falls, IA",2020,0,-2,68630.0,67700.0,3124036300.0,248,238,0.2914497993123944,291590.0,366,46145.29246676514,11.13648503590268,10.739550229674286,21.862391688574654,0.0,1
47940,"Waterloo-Cedar Falls, IA",2021,0,-1,74750.0,74750.0,3787786000.0,312,312,0.2914497993123944,291590.0,366,50672.722408026755,11.221904491252932,10.833143025229267,22.0550475164822,0.0,1
47940,"Waterloo-Cedar Falls, IA",2022,0,0,76150.0,75840.0,4031391500.0,307,306,0.2914497993123944,291590.0,366,53156.53349156118,11.240460358323308,10.88099630173863,22.117377438667532,0.0,1
47940,"Waterloo-Cedar Falls, IA",2023,1,1,76390.0,76250.0,4212268600.0,304,301,0.2914497993123944,291590.0,366,55242.8668852459,11.243607076535405,10.919494504895688,22.161267199365344,0.2914497993123944,1
47940,"Waterloo-Cedar Falls, IA",2024,1,2,75020.0,74980.0,4124760600.0,305,304,0.2914497993123944,291590.0,366,55011.47772739397,11.225510023635879,10.915297128395341,22.140273818685245,0.2914497993123944,1
48060,"Watertown-Fort Drum, NY",2019,0,-3,30380.0,30380.0,1338091800.0,173,173,0.29251795311254253,120960.0,232,44045.15470704411,10.321539776149764,10.692970630014607,21.01451040616437,0.0,1
48060,"Watertown-Fort Drum, NY",2020,0,-2,27030.0,26930.0,1245503900.0,158,155,0.29251795311254253,120960.0,232,46249.68065354623,10.204702639270494,10.741809838128544,20.94280602393419,0.0,1
48060,"Watertown-Fort Drum, NY",2021,0,-1,31300.0,31220.0,1543842800.0,193,191,0.29251795311254253,120960.0,232,49450.44202434337,10.351373376528244,10.808726275824727,21.15754046989415,0.0,1
48060,"Watertown-Fort Drum, NY",2022,0,0,32250.0,32170.0,1610510700.0,191,190,0.29251795311254253,120960.0,232,50062.50233136462,10.381273322223919,10.821027550379796,21.199817170612867,0.0,1
48060,"Watertown-Fort Drum, NY",2023,1,1,32730.0,32660.0,1731713500.0,200,198,0.29251795311254253,120960.0,232,53022.45866503368,10.396047367495227,10.878470851175123,21.27237721769958,0.29251795311254253,1
48060,"Watertown-Fort Drum, NY",2024,1,2,32390.0,32340.0,1829646800.0,189,188,0.29251795311254253,120960.0,232,56575.34941249227,10.385605012165374,10.94332864657621,21.32738877970731,0.29251795311254253,1
48140,"Wausau, WI",2019,0,-3,59680.0,59110.0,2729625600.0,233,228,0.28328015532909634,236180.0,309,46178.74471324649,10.996752234877642,10.74027490006278,21.727430293881195,0.0,1
48140,"Wausau, WI",2020,0,-2,56680.0,56210.0,2717798200.0,226,220,0.28328015532909634,236180.0,309,48350.795232165096,10.945176693804617,10.786237948153941,21.723087904150063,0.0,1
48140,"Wausau, WI",2021,0,-1,59280.0,59280.0,3029593500.0,257,257,0.28328015532909634,236180.0,309,51106.50303643725,10.990027259969969,10.841667029081833,21.831694289051804,0.0,1
48140,"Wausau, WI",2022,0,0,60540.0,60490.0,3286732000.0,264,263,0.28328015532909634,236180.0,309,54335.12977351628,11.01105958257571,10.902926253890461,21.91315959499142,0.0,1
48140,"Wausau, WI",2023,1,1,61120.0,60860.0,3431497400.0,269,267,0.28328015532909634,236180.0,309,56383.46040092014,11.020594423840402,10.939931139175572,21.956262562626534,0.28328015532909634,1
48140,"Wausau, WI",2024,1,2,61060.0,60790.0,3562209900.0,257,256,0.28328015532909634,236180.0,309,58598.61654877447,11.019612266288869,10.978466366903733,21.9936469476465,0.28328015532909634,1
48260,"Weirton-Steubenville, WV-OH",2019,0,-3,26930.0,26650.0,1083331200.0,157,152,0.2712581813391397,112860.0,239,40650.32645403377,10.200996185805645,10.61276214579325,20.80330657538724,0.0,1
48260,"Weirton-Steubenville, WV-OH",2020,0,-2,26510.0,26300.0,1075176500.0,156,152,0.2712581813391397,112860.0,239,40881.23574144486,10.18527729928307,10.61842645292964,20.795750671095494,0.0,1
48260,"Weirton-Steubenville, WV-OH",2021,0,-1,30080.0,29930.0,1370375900.0,199,197,0.2712581813391397,112860.0,239,45786.03073838958,10.311615778063777,10.731734317866556,21.038350918713302,0.0,1
48260,"Weirton-Steubenville, WV-OH",2022,0,0,29340.0,28240.0,1379112500.0,181,179,0.2712581813391397,112860.0,239,48835.428470254956,10.286707051696972,10.796211321678554,21.044706013285733,0.0,1
48260,"Weirton-Steubenville, WV-OH",2023,1,1,29500.0,28430.0,1407104700.0,182,180,0.2712581813391397,112860.0,239,49493.658107632786,10.292145542327912,10.809599821311116,21.06480002595616,0.2712581813391397,1
48260,"Weirton-Steubenville, WV-OH",2024,1,2,29490.0,27990.0,1455460800.0,175,172,0.2712581813391397,112860.0,239,51999.31404072883,10.291806501809322,10.85898580595211,21.09858838846161,0.2712581813391397,1
48540,"Wheeling, WV-OH",2019,0,-3,56230.0,55470.0,2397597100.0,235,227,0.27736990665227645,201950.0,298,43223.31170001803,10.937205701286247,10.674135251373839,21.59773286442312,0.0,1
48540,"Wheeling, WV-OH",2020,0,-2,45550.0,45340.0,1968406900.0,203,199,0.27736990665227645,201950.0,298,43414.355977062194,10.726565902688105,10.678545448273518,21.40049037233504,0.0,1
48540,"Wheeling, WV-OH",2021,0,-1,49350.0,49100.0,2192137400.0,236,235,0.27736990665227645,201950.0,298,44646.38289205702,10.806693044861628,10.706528572766855,21.508142886549468,0.0,1
48540,"Wheeling, WV-OH",2022,0,0,50820.0,50820.0,2407247400.0,242,242,0.27736990665227645,201950.0,298,47368.11097992916,10.836045256874154,10.765704517139309,21.601749774013463,0.0,1
48540,"Wheeling, WV-OH",2023,1,1,51070.0,50980.0,2504667300.0,250,249,0.27736990665227645,201950.0,298,49130.39034915653,10.84095251964169,10.802233070361266,21.64142174829137,0.27736990665227645,1
48540,"Wheeling, WV-OH",2024,1,2,52130.0,52100.0,2723449200.0,256,255,0.27736990665227645,201950.0,298,52273.4971209213,10.861495877762152,10.864244774403335,21.725165002144795,0.27736990665227645,1
48620,"Wichita, KS",2019,0,-3,262070.0,261000.0,11744217300.0,391,385,0.29893630689980055,1051210.0,510,44997.00114942529,12.476366922630715,10.714351125407957,23.186626811712788,0.0,1
48620,"Wichita, KS",2020,0,-2,248930.0,247210.0,11418487200.0,391,385,0.29893630689980055,1051210.0,510,46189.422757979046,12.424927011425954,10.740506106225519,23.15849956304742,0.0,1
48620,"Wichita, KS",2021,0,-1,264220.0,263640.0,12762778700.0,452,449,0.29893630689980055,1051210.0,510,48409.87217417691,12.484537368432346,10.787459042446406,23.26979885761306,0.0,1
48620,"Wichita, KS",2022,0,0,275990.0,266650.0,13724683300.0,451,439,0.29893630689980055,1051210.0,510,51470.77929870617,12.52811991215884,10.848769533365793,23.34246174939454,0.0,1
48620,"Wichita, KS",2023,1,1,276100.0,274600.0,14785890900.0,456,447,0.29893630689980055,1051210.0,510,53845.196285506194,12.528518397918246,10.89386847313671,23.416939245452717,0.29893630689980055,1
48620,"Wichita, KS",2024,1,2,288350.0,287260.0,16384211200.0,451,445,0.29893630689980055,1051210.0,510,57036.173501357654,12.571930299043558,10.951440968359611,23.519583976345427,0.29893630689980055,1
48660,"Wichita Falls, TX",2019,0,-3,45460.0,45460.0,1748355200.0,188,188,0.2916545901037021,182730.0,282,38459.19929608447,10.724588097406535,10.55735319979148,21.281941297198014,0.0,1
48660,"Wichita Falls, TX",2020,0,-2,42880.0,42290.0,1714072800.0,193,191,0.2916545901037021,182730.0,282,40531.39749349728,10.666160795744684,10.609832199499106,21.26213812996564,0.0,1
48660,"Wichita Falls, TX",2021,0,-1,46580.0,46540.0,1961706800.0,239,238,0.2916545901037021,182730.0,282,42150.984099699184,10.748926543438332,10.649013310718523,21.397080747574805,0.0,1
48660,"Wichita Falls, TX",2022,0,0,47810.0,47780.0,2147071400.0,234,233,0.2916545901037021,182730.0,282,44936.61364587693,10.77499010162015,10.713008190115932,21.487370610995733,0.0,1
48660,"Wichita Falls, TX",2023,1,1,49230.0,49180.0,2324972400.0,238,237,0.2916545901037021,182730.0,282,47274.75396502644,10.804258472752247,10.763731689177344,21.56697400494753,0.2916545901037021,1
48660,"Wichita Falls, TX",2024,1,2,48870.0,48770.0,2455660100.0,234,233,0.2916545901037021,182730.0,282,50351.85769940537,10.796918990264201,10.82679079318416,21.621661441888257,0.2916545901037021,1
48700,"Williamsport, PA",2019,0,-3,39260.0,39190.0,1594530800.0,173,172,0.28848127318275485,156800.0,271,40687.185506506765,10.577961467830452,10.613668469434275,21.189845360627952,0.0,1
48700,"Williamsport, PA",2020,0,-2,35940.0,35890.0,1530169800.0,178,177,0.28848127318275485,156800.0,271,42634.99024797994,10.48960616033755,10.660430562443391,21.148644546585043,0.0,1
48700,"Williamsport, PA",2021,0,-1,40340.0,40340.0,1893368100.0,220,220,0.28848127318275485,156800.0,271,46935.25285076847,10.605098811508203,10.756524332010622,21.361623143518827,0.0,1
48700,"Williamsport, PA",2022,0,0,41260.0,41260.0,2061024900.0,227,227,0.28848127318275485,156800.0,271,49952.13039263209,10.627648786625242,10.818820433670338,21.44646922029558,0.0,1
48700,"Williamsport, PA",2023,1,1,41410.0,41340.0,2185471700.0,221,220,0.28848127318275485,156800.0,271,52865.7885824867,10.631277676539613,10.87551168996612,21.50509752320188,0.28848127318275485,1
48700,"Williamsport, PA",2024,1,2,42250.0,42220.0,2293410200.0,229,228,0.28848127318275485,156800.0,271,54320.46897205116,10.65135963278532,10.902656395701406,21.55330571710372,0.28848127318275485,1
48900,"Wilmington, NC",2019,0,-3,115890.0,115290.0,5004791400.0,293,290,0.30269393896203894,470220.0,397,43410.45537340619,11.660396744328438,10.678455598296352,22.33366157052335,0.0,1
48900,"Wilmington, NC",2020,0,-2,110920.0,109540.0,4986401100.0,286,282,0.30269393896203894,470220.0,397,45521.28081066277,11.616564499729714,10.72593520572121,22.32998026405892,0.0,1
48900,"Wilmington, NC",2021,0,-1,118370.0,118270.0,5719979100.0,336,335,0.30269393896203894,470220.0,397,48363.736365942335,11.68157059094794,10.786505563240127,22.467230988485287,0.0,1
48900,"Wilmington, NC",2022,0,0,125040.0,124520.0,6404172400.0,341,338,0.30269393896203894,470220.0,397,51430.87375522005,11.736388965095358,10.847993927837559,22.580215552393103,0.0,1
48900,"Wilmington, NC",2023,1,1,132310.0,132090.0,7306154000.0,351,348,0.30269393896203894,470220.0,397,55311.93882958589,11.792902933036457,10.920744056245006,22.711982843662916,0.30269393896203894,1
48900,"Wilmington, NC",2024,1,2,176090.0,175630.0,9764012000.0,403,398,0.30269393896203894,470220.0,397,55594.215111313555,12.078750506954824,10.925834430065095,23.001969218480877,0.30269393896203894,1
49020,"Winchester, VA-WV",2019,0,-3,47870.0,46560.0,2061072800.0,216,210,0.2903936934020619,199610.0,301,44267.02749140893,10.776244282386555,10.697995378484487,21.446492460889807,0.0,1
49020,"Winchester, VA-WV",2020,0,-2,46320.0,45670.0,2136857200.0,202,194,0.2903936934020619,199610.0,301,46789.07816947668,10.743329112246878,10.753405082223072,21.482601988402116,0.0,1
49020,"Winchester, VA-WV",2021,0,-1,52500.0,52390.0,2679081100.0,246,243,0.2903936934020619,199610.0,301,51137.26092765795,10.868568448579715,10.84226868713815,21.708739699540416,0.0,1
49020,"Winchester, VA-WV",2022,0,0,52920.0,52920.0,2809917700.0,241,241,0.2903936934020619,199610.0,301,53097.46220710506,10.876536618228892,10.879884413378036,21.75642103160693,0.0,1
49020,"Winchester, VA-WV",2023,1,1,54350.0,54060.0,3005106600.0,239,237,0.2903936934020619,199610.0,301,55588.357380688125,10.903199892549356,10.925729058683599,21.823578878514038,0.2903936934020619,1
49020,"Winchester, VA-WV",2024,1,2,57060.0,57020.0,3320316400.0,238,237,0.2903936934020619,199610.0,301,58230.73307611365,10.95185862476749,10.972168554072093,21.923325916538758,0.2903936934020619,1
49180,"Winston-Salem, NC",2019,0,-3,234800.0,233320.0,10595058300.0,361,354,0.29456037851094347,945200.0,482,45409.987570718324,12.366489366936078,10.723487350379525,23.083653531247098,0.0,1
49180,"Winston-Salem, NC",2020,0,-2,225070.0,224460.0,10473700600.0,356,351,0.29456037851094347,945200.0,482,46661.76868929876,12.324166743912642,10.750680450757113,23.072133247327358,0.0,1
49180,"Winston-Salem, NC",2021,0,-1,237050.0,236500.0,11673210400.0,422,419,0.29456037851094347,945200.0,482,49358.18350951374,12.376026368330264,10.806858857041359,23.180562343955483,0.0,1
49180,"Winston-Salem, NC",2022,0,0,248280.0,247520.0,13182612200.0,436,431,0.29456037851094347,945200.0,482,53258.775856496446,12.42231242052759,10.882917874809685,23.302164540616577,0.0,1
49180,"Winston-Salem, NC",2023,1,1,249550.0,249090.0,13611286300.0,429,425,0.29456037851094347,945200.0,482,54644.04954032679,12.427414574897755,10.908595604608365,23.33416516053255,0.29456037851094347,1
49180,"Winston-Salem, NC",2024,1,2,252930.0,252020.0,14473811200.0,446,441,0.29456037851094347,945200.0,482,57431.20069835727,12.44086804958483,10.95834300080255,23.395606729226234,0.29456037851094347,1
49420,"Yakima, WA",2019,0,-3,81550.0,81080.0,3671093300.0,255,251,0.25383929567937374,325670.0,327,45277.42106561421,11.30897160804916,10.720563755990348,22.023755356556283,0.0,1
49420,"Yakima, WA",2020,0,-2,78510.0,77660.0,3708957600.0,253,249,0.25383929567937374,325670.0,327,47758.918362091164,11.2709812841923,10.773921100450128,22.034016703735787,0.0,1
49420,"Yakima, WA",2021,0,-1,79500.0,79460.0,3965850600.0,281,280,0.25383929567937374,325670.0,327,49910.025169896806,11.283512300642423,10.817977166769214,22.100986196137804,0.0,1
49420,"Yakima, WA",2022,0,0,86110.0,86020.0,4492191200.0,290,289,0.25383929567937374,325670.0,327,52222.63659614043,11.36338082769021,10.863271331138252,22.225606437475978,0.0,1
49420,"Yakima, WA",2023,1,1,86950.0,86910.0,4908253700.0,292,291,0.25383929567937374,325670.0,327,56475.131745483835,11.37308851978243,10.941555674144174,22.31418405357568,0.25383929567937374,1
49420,"Yakima, WA",2024,1,2,88220.0,88220.0,5204116000.0,286,286,0.25383929567937374,325670.0,327,58990.20630242575,11.38758897365893,10.985126714235042,22.372715687893972,0.25383929567937374,1
49620,"York-Hanover, PA",2019,0,-3,157990.0,157960.0,7448587800.0,310,309,0.2792552142493151,625820.0,424,47154.89870853381,11.970287018866895,10.761193178922106,22.73129029432269,0.0,1
49620,"York-Hanover, PA",2020,0,-2,147920.0,147150.0,7172656600.0,306,299,0.2792552142493151,625820.0,424,48743.84369690792,11.904426866061007,10.794334185311255,22.693541938972874,0.0,1
49620,"York-Hanover, PA",2021,0,-1,157370.0,157260.0,8027510000.0,372,370,0.2792552142493151,625820.0,424,51046.101996693375,11.96635499959491,10.840484464099506,22.806140229645013,0.0,1
49620,"York-Hanover, PA",2022,0,0,162540.0,162480.0,8555664500.0,373,372,0.2792552142493151,625820.0,424,52656.723904480554,11.998679404307195,10.871549218894769,22.869859415149037,0.0,1
49620,"York-Hanover, PA",2023,1,1,166900.0,166380.0,9346418400.0,369,368,0.2792552142493151,625820.0,424,56175.1316263974,12.025150109649926,10.936229440199826,22.958259048037704,0.2792552142493151,1
49620,"York-Hanover, PA",2024,1,2,169350.0,169220.0,9902214500.0,383,379,0.2792552142493151,625820.0,424,58516.80947878501,12.039722858245918,10.977069333462973,23.016024255941463,0.2792552142493151,1
49700,"Yuba City, CA",2019,0,-3,35490.0,34440.0,1679873200.0,165,157,0.27286820194265193,147920.0,242,48776.80603948897,10.477006245640542,10.795010192780964,21.241984151322633,0.0,1
49700,"Yuba City, CA",2020,0,-2,32080.0,31930.0,1576306500.0,154,152,0.27286820194265193,147920.0,242,49367.569683683054,10.37598806198045,10.807049003459978,21.178350289168804,0.0,1
49700,"Yuba City, CA",2021,0,-1,39060.0,38970.0,2132369300.0,211,209,0.27286820194265193,147920.0,242,54718.22684115986,10.57285420443067,10.909952147552834,21.48049954588559,0.0,1
49700,"Yuba City, CA",2022,0,0,41290.0,41200.0,2346631200.0,214,212,0.27286820194265193,147920.0,242,56957.06796116505,10.628375618880137,10.95005306936006,21.576246604697676,0.0,1
49700,"Yuba City, CA",2023,1,1,41900.0,40830.0,2375650200.0,218,216,0.27286820194265193,147920.0,242,58183.938280675975,10.643041105910228,10.971364621072711,21.588537005386332,0.27286820194265193,1
49700,"Yuba City, CA",2024,1,2,43220.0,43190.0,2733406000.0,216,215,0.27286820194265193,147920.0,242,63287.9370224589,10.674058630060877,11.055450021606232,21.72881428756098,0.27286820194265193,1
49740,"Yuma, AZ",2019,0,-3,51390.0,51330.0,1955757300.0,196,195,0.28241569625337465,210200.0,274,38101.642314436,10.847198879986275,10.548012665551557,21.394043321105904,0.0,1
49740,"Yuma, AZ",2020,0,-2,49880.0,49810.0,2062738500.0,194,193,0.28241569625337465,210200.0,274,41412.136117245536,10.817375399793972,10.63132925978405,21.44730030585138,0.0,1
49740,"Yuma, AZ",2021,0,-1,49520.0,49520.0,2267753800.0,228,228,0.28241569625337465,210200.0,274,45794.70516962843,10.810131907358478,10.731923755769163,21.54205566312764,0.0,1
49740,"Yuma, AZ",2022,0,0,59410.0,59110.0,2795666000.0,230,227,0.28241569625337465,210200.0,274,47295.990526137706,10.992217841349786,10.764180803997842,21.751336197816258,0.0,1
49740,"Yuma, AZ",2023,1,1,57930.0,57930.0,2975631500.0,237,237,0.28241569625337465,210200.0,274,51365.98480925254,10.96699066409067,10.846731458235041,21.81372212232571,0.28241569625337465,1
49740,"Yuma, AZ",2024,1,2,58790.0,58610.0,3115254400.0,231,229,0.28241569625337465,210200.0,274,53152.26753113803,10.9817270513963,10.880916045722488,21.859576655192964,0.28241569625337465,1
